"Date,Time,Day,Station,Code,Min Delay,Min Gap,Bound,Line,Vehicle"
"2021-09-01,05:41,Wednesday,VICTORIA PARK STATION,MUIS,0,0,,BD,0"
"2021-09-01,06:32,Wednesday,NORTH YORK CTR STATION,EUSC,0,0,S,YU,5726"
"2021-09-01,07:58,Wednesday,WARDEN STATION,MUIRS,0,0,,BD,0"
"2021-09-01,08:08,Wednesday,ROSEDALE STATION,MUSC,3,6,N,YU,5846"
"2021-09-01,08:24,Wednesday,RUNNYMEDE STATION,PUMST,0,0,,BD,0"
"2021-09-01,09:26,Wednesday,GREENWOOD STATION,MUD,3,7,W,BD,5253"
"2021-09-01,09:47,Wednesday,LANSDOWNE STATION,MUIS,0,0,,BD,0"
"2021-09-01,11:10,Wednesday,SPADINA BD STATION,MUDD,3,7,W,BD,5255"
"2021-09-01,11:28,Wednesday,DUNDAS STATION,MUPAA,0,0,S,YU,5776"
"2021-09-01,11:46,Wednesday,KIPLING STATION,MUIRS,0,0,,BD,0"
"2021-09-01,12:17,Wednesday,ROSEDALE STATION,MUSC,0,0,N,YU,5466"
"2021-09-01,12:27,Wednesday,ST CLAIR STATION,EUNT,10,13,S,YU,5436"
"2021-09-01,14:41,Wednesday,ROSEDALE STATION,SUUT,3,6,S,YU,5866"
"2021-09-01,14:55,Wednesday,KIPLING STATION,TUO,4,8,E,BD,5247"
"2021-09-01,15:02,Wednesday,ROSEDALE STATION,SUO,3,6,N,YU,5646"
"2021-09-01,15:18,Wednesday,COLLEGE STATION,MUPAA,3,6,N,YU,5651"
"2021-09-01,15:40,Wednesday,ROYAL YORK STATION,MUIS,3,7,E,BD,5076"
"2021-09-01,16:30,Wednesday,EGLINTON STATION,MUSAN,3,6,N,YU,5976"
"2021-09-01,17:16,Wednesday,DAVISVILLE STATION,MUIE,0,0,,YU,0"
"2021-09-01,17:19,Wednesday,SHEPPARD STATION,MUPAA,0,0,S,YU,5436"
"2021-09-01,17:42,Wednesday,RUNNYMEDE STATION,SUAP,6,10,E,BD,5366"
"2021-09-01,17:51,Wednesday,HIGH PARK STATION,SUDP,12,16,E,BD,5149"
"2021-09-01,17:55,Wednesday,KENNEDY BD STATION,MUSAN,4,8,W,BD,5065"
"2021-09-01,18:52,Wednesday,BLOOR STATION,SUDP,4,10,S,YU,5441"
"2021-09-01,18:58,Wednesday,BLOOR STATION,MUIR,3,8,S,YU,5956"
"2021-09-01,19:00,Wednesday,BLOOR STATION,SUDP,0,0,S,YU,5776"
"2021-09-01,19:00,Wednesday,YONGE BD STATION,SUO,0,0,W,BD,5161"
"2021-09-01,19:15,Wednesday,WILSON STATION,MUATC,3,8,S,YU,6081"
"2021-09-01,19:35,Wednesday,WARDEN STATION,TUMVS,0,0,E,BD,5154"
"2021-09-01,19:48,Wednesday,WELLESLEY STATION,MUIS,0,0,,YU,0"
"2021-09-01,19:57,Wednesday,ISLINGTON STATION,SUO,0,0,,BD,0"
"2021-09-01,20:04,Wednesday,JANE STATION,MUIS,0,0,,BD,0"
"2021-09-01,20:35,Wednesday,MAIN STREET AND UNION,MUO,0,0,,,0"
"2021-09-01,20:38,Wednesday,QUEEN STATION,MUIRS,0,0,N,YU,0"
"2021-09-01,20:57,Wednesday,QUEEN STATION,MUIS,0,0,,YU,0"
"2021-09-01,21:00,Wednesday,NORTH YORK CTR STATION,SUDP,3,8,N,YU,5446"
"2021-09-01,21:07,Wednesday,BLOOR STATION,MUIS,0,0,S,YU,0"
"2021-09-01,21:31,Wednesday,YORK MILLS STATION,MUPAA,3,8,S,YU,5841"
"2021-09-01,21:47,Wednesday,KIPLING STATION,EUNT,4,11,E,BD,5247"
"2021-09-01,21:53,Wednesday,EGLINTON WEST STATION,SUDP,0,0,N,YU,5441"
"2021-09-01,22:00,Wednesday,YONGE-UNIVERSITY AND B,MUO,0,0,,YU/BD,0"
"2021-09-01,22:14,Wednesday,UNION AND KENNEDY STAT,MUO,0,0,,,0"
"2021-09-01,22:52,Wednesday,DUNDAS STATION,MUIS,0,0,,YU,0"
"2021-09-01,23:13,Wednesday,KING STATION TO ST GEO,MUO,0,0,,YU,0"
"2021-09-01,23:25,Wednesday,ROSEDALE STATION,MUSC,0,0,N,YU,5571"
"2021-09-01,23:38,Wednesday,ROSEDALE STATION,MUPAA,0,0,N,YU,5711"
"2021-09-01,23:53,Wednesday,JANE STATION,SUUT,67,74,E,BD,5079"
"2021-09-01,00:29,Wednesday,KENNEDY BD STATION,MUSAN,9,15,W,BD,5072"
"2021-09-01,00:31,Wednesday,MAIN STREET STATION,MUIS,0,0,,BD,0"
"2021-09-01,00:52,Wednesday,YORK UNIVERSITY STATIO,SUDP,3,10,N,YU,5841"
"2021-09-01,01:21,Wednesday,SUMMERHILL STATION,SUDP,15,22,S,YU,5786"
"2021-09-01,01:30,Wednesday,NORTH YORK CTR STATION,SUDP,0,0,N,YU,0"
"2021-09-01,18:59,Wednesday,DON MILLS STATION,SUDP,10,15,W,SHP,6176"
"2021-09-02,05:53,Thursday,EGLINTON STATION,EUPI,10,15,N,YU,5671"
"2021-09-02,09:51,Thursday,SCARBOROUGH CTR STATIO,MRPAA,0,0,N,SRT,3017"
"2021-09-02,17:27,Thursday,LAWRENCE EAST STATION,MRUI,0,0,,SRT,0"
"2021-09-02,06:11,Thursday,MUSEUM STATION,MUPAA,0,0,N,YU,5786"
"2021-09-02,06:33,Thursday,FINCH STATION,EUSC,0,0,S,YU,5726"
"2021-09-02,07:19,Thursday,FINCH STATION,TUMVS,3,6,S,YU,5796"
"2021-09-02,07:51,Thursday,ROSEDALE STATION,MUSC,0,0,N,YU,5571"
"2021-09-02,10:38,Thursday,WILSON CARHOUSE,MUIE,0,0,,YU,0"
"2021-09-02,10:51,Thursday,COXWELL STATION,EUTR,4,8,W,BD,5253"
"2021-09-02,12:15,Thursday,EGLINTON STATION,MUIS,0,0,,YU,0"
"2021-09-02,12:35,Thursday,ROSEDALE STATION,MUSC,0,0,N,YU,5661"
"2021-09-02,12:44,Thursday,KIPLING STATION,EUME,4,8,E,BD,5131"
"2021-09-02,13:00,Thursday,JANE STATION,MUIRS,0,0,,BD,0"
"2021-09-02,13:03,Thursday,SHERBOURNE STATION,MUDD,3,7,W,BD,5198"
"2021-09-02,13:17,Thursday,DONLANDS STATION,EUCD,4,8,E,BD,5198"
"2021-09-02,14:10,Thursday,BAY STATION,MUIS,0,0,,BD,0"
"2021-09-02,14:30,Thursday,YONGE BD STATION,SUO,0,0,W,BD,5123"
"2021-09-02,14:30,Thursday,BLOOR STATION,SUO,0,0,N,YU,6106"
"2021-09-02,14:44,Thursday,WARDEN STATION,MUIS,0,0,,BD,0"
"2021-09-02,14:54,Thursday,HIGH PARK STATION,EULT,4,8,E,BD,5138"
"2021-09-02,15:02,Thursday,HIGHWAY 407 STATION,PUMEL,0,0,,YU,0"
"2021-09-02,15:21,Thursday,YONGE BD STATION,MUPAA,0,0,E,BD,5271"
"2021-09-02,15:46,Thursday,PAPE STATION,SUAE,0,0,,BD,0"
"2021-09-02,16:08,Thursday,KIPLING STATION,MUTO,4,8,E,BD,5030"
"2021-09-02,16:32,Thursday,EGLINTON STATION,SUDP,3,6,S,YU,5551"
"2021-09-02,19:18,Thursday,COLLEGE STATION,SUAP,0,0,,YU,0"
"2021-09-02,19:23,Thursday,LANSDOWNE STATION,MUIR,0,0,E,BD,0"
"2021-09-02,19:25,Thursday,ST CLAIR WEST STATION,SUAE,0,0,N,YU,5991"
"2021-09-02,19:31,Thursday,GLENCAIRN STATION,MUIE,3,8,N,YU,5991"
"2021-09-02,19:37,Thursday,ROSEDALE STATION,TUATC,4,7,S,YU,5496"
"2021-09-02,19:51,Thursday,PAPE STATION,SUDP,0,0,W,BD,5056"
"2021-09-02,19:57,Thursday,DUPONT STATION,PUMEL,0,0,,YU,0"
"2021-09-02,20:05,Thursday,SHEPPARD STATION,SUAP,0,0,,YU,0"
"2021-09-02,20:07,Thursday,CHESTER STATION,SUDP,4,11,W,BD,5061"
"2021-09-02,20:14,Thursday,SPADINA BD STATION,PUMEL,0,0,,BD,0"
"2021-09-02,20:16,Thursday,BROADVIEW STATION,TUO,7,14,W,BD,5056"
"2021-09-02,20:28,Thursday,MUSEUM STATION,SUDP,0,0,N,YU,5866"
"2021-09-02,20:33,Thursday,ROSEDALE STATION,MUSC,3,8,N,YU,5846"
"2021-09-02,22:00,Thursday,YONGE-UNIVERSITY AND B,MUO,0,0,,YU / BD,0"
"2021-09-02,23:00,Thursday,OSSINGTON STATION,MUIS,0,0,W,BD,0"
"2021-09-02,23:06,Thursday,PAPE STATION,MUPAA,0,0,E,BD,5149"
"2021-09-02,23:15,Thursday,YONGE/UNIVERSITY/SPADI,MUO,0,0,,YU,0"
"2021-09-02,23:59,Thursday,BLOOR STATION,SUDP,0,0,,YU,0"
"2021-09-02,00:08,Thursday,BATHURST STATION,SUO,0,0,E,BD,5225"
"2021-09-02,00:10,Thursday,BLOOR STATION,MUSAN,7,14,S,YU,5441"
"2021-09-02,00:23,Thursday,VAUGHAN MC STATION,MUI,5,12,S,YU,5711"
"2021-09-02,01:38,Thursday,WARDEN STATION,MUIS,0,0,W,BD,0"
"2021-09-02,05:42,Thursday,DON MILLS STATION,MUSC,9,14,W,SHP,6176"
"2021-09-02,14:57,Thursday,DON MILLS STATION,PUMEL,0,0,,SHP,0"
"2021-09-03,02:08,Friday,KIPLING STATION,MUIS,0,0,E,BD,1009"
"2021-09-03,11:00,Friday,MCCOWAN STATION,PRSO,87,92,S,SRT,3014"
"2021-09-03,18:03,Friday,MIDLAND STATION,TRNCA,0,0,,SRT,0"
"2021-09-03,06:01,Friday,QUEEN STATION,MUPAA,0,0,S,YU,5786"
"2021-09-03,06:23,Friday,UNION STATION,MUIRS,0,0,,YU,0"
"2021-09-03,06:36,Friday,ROYAL YORK STATION,SUDP,6,11,W,BD,5065"
"2021-09-03,06:56,Friday,KIPLING STATION,MUSAN,5,10,E,BD,5065"
"2021-09-03,07:13,Friday,VICTORIA PARK STATION,MUPAA,0,0,W,BD,5294"
"2021-09-03,07:17,Friday,BROADVIEW STATION,MUIRS,0,0,E,BD,0"
"2021-09-03,07:55,Friday,CHRISTIE STATION,TUMVS,0,0,E,BD,5149"
"2021-09-03,07:57,Friday,ROSEDALE STATION,MUSC,3,6,,YU,5846"
"2021-09-03,08:19,Friday,DUNDAS WEST STATION,SUAE,0,0,,BD,0"
"2021-09-03,08:32,Friday,KENNEDY BD STATION,MUTO,4,8,W,BD,5161"
"2021-09-03,09:15,Friday,KIPLING STATION,SUDP,4,8,E,BD,5333"
"2021-09-03,10:33,Friday,ROSEDALE STATION,EUDO,3,6,S,YU,6046"
"2021-09-03,10:42,Friday,WELLESLEY STATION,SUDP,11,14,S,YU,5976"
"2021-09-03,11:08,Friday,WELLESLEY STATION,MUIS,0,0,,YU,0"
"2021-09-03,11:50,Friday,COLLEGE STATION,SUUT,3,6,N,YU,5721"
"2021-09-03,11:58,Friday,KIPLING STATION,MUTO,3,7,E,BD,5356"
"2021-09-03,12:12,Friday,DUNDAS STATION,MUNCA,0,0,,YU,0"
"2021-09-03,12:14,Friday,KIPLING STATION,SUDP,3,7,W,BD,5229"
"2021-09-03,12:42,Friday,ROYAL YORK STATION,SUDP,0,0,E,BD,5220"
"2021-09-03,13:14,Friday,VICTORIA PARK STATION,SUDP,0,0,W,BD,0"
"2021-09-03,14:00,Friday,VICTORIA PARK STATION,TUMVS,0,0,E,BD,5007"
"2021-09-03,14:04,Friday,WARDEN STATION,MUNCA,0,0,,BD,0"
"2021-09-03,14:17,Friday,VAUGHAN MC STATION,MUNOA,3,6,S,YU,0"
"2021-09-03,14:18,Friday,BROADVIEW STATION,MUIS,8,12,W,BD,5265"
"2021-09-03,16:37,Friday,KENNEDY BD STATION,TUMVS,0,0,E,BD,5366"
"2021-09-03,17:47,Friday,SUMMERHILL STATION,MUIR,5,8,N,YU,5456"
"2021-09-03,17:57,Friday,ST GEORGE YUS STATION,SUUT,3,6,S,YU,5901"
"2021-09-03,18:20,Friday,YORK MILLS STATION,TUSC,0,0,S,YU,5451"
"2021-09-03,18:32,Friday,YONGE BD STATION,MUPAA,4,8,W,BD,5020"
"2021-09-03,18:52,Friday,JANE STATION,SUO,0,0,,BD,0"
"2021-09-03,19:00,Friday,VICTORIA PARK STATION,MUIS,0,0,E,BD,5225"
"2021-09-03,19:59,Friday,COLLEGE STATION,MUIR,4,9,S,YU,5476"
"2021-09-03,20:22,Friday,BATHURST STATION,SUAP,5,12,W,BD,5187"
"2021-09-03,21:06,Friday,VAUGHAN MC STATION,MUNOA,7,14,S,YU,0"
"2021-09-03,21:47,Friday,BLOOR STATION,MUPAA,0,0,N,YU,5471"
"2021-09-03,22:00,Friday,YONGE-UNIVERSITY AND B,MUO,0,0,,YU/BD,0"
"2021-09-03,23:14,Friday,LAWRENCE WEST STATION,SUO,6,13,N,YU,5541"
"2021-09-03,23:31,Friday,KENNEDY BD STATION,PUMEL,0,0,,BD,0"
"2021-09-03,01:11,Friday,YORK MILLS STATION,MUIR,9,18,S,YU,5541"
"2021-09-03,01:15,Friday,GREENWOOD STATION,MUIS,0,0,,BD,0"
"2021-09-03,01:07,Friday,SHEPPARD-YONGE STATION,EUME,4,9,E,SHP,6146"
"2021-09-04,16:20,Saturday,SCARBOROUGH CTR STATIO,SRDP,0,0,,SRT,0"
"2021-09-04,05:49,Saturday,YORK MILLS STATION,PUSI,0,0,S,YU,5841"
"2021-09-04,06:00,Saturday,KIPLING STATION TO ISL,MUO,0,0,,BD,0"
"2021-09-04,06:19,Saturday,YORK MILLS STATION,MUSC,0,0,S,YU,5941"
"2021-09-04,06:32,Saturday,YORK MILLS STATION,MUSC,0,0,S,YU,5871"
"2021-09-04,07:44,Saturday,YORK MILLS STATION,MUSC,0,0,N,YU,5476"
"2021-09-04,07:55,Saturday,COLLEGE STATION,EUDO,0,0,S,YU,5566"
"2021-09-04,07:59,Saturday,ISLINGTON STATION,MUIS,0,0,,BD,0"
"2021-09-04,09:47,Saturday,EGLINTON STATION,MUNOA,4,8,N,YU,0"
"2021-09-04,10:08,Saturday,EGLINTON STATION,PUSO,5,11,N,YU,5671"
"2021-09-04,10:57,Saturday,WILSON STATION,EUME,3,7,S,YU,5581"
"2021-09-04,11:15,Saturday,OSSINGTON STATION,MUPAA,0,0,E,BD,5111"
"2021-09-04,11:35,Saturday,DAVISVILLE STATION,SUO,0,0,N,YU,5596"
"2021-09-04,11:46,Saturday,SUMMERHILL STATION,SUEAS,9,13,S,YU,5876"
"2021-09-04,13:40,Saturday,COXWELL STATION,MUIRS,0,0,W,BD,0"
"2021-09-04,15:07,Saturday,WELLESLEY STATION,SUO,0,0,N,YU,5671"
"2021-09-04,15:48,Saturday,VICTORIA PARK STATION,PUMEL,0,0,W,BD,0"
"2021-09-04,17:20,Saturday,LAWRENCE WEST STATION,MUPAA,0,0,S,YU,6001"
"2021-09-04,18:01,Saturday,VAUGHAN MC STATION,TUNIP,3,8,S,YU,5741"
"2021-09-04,18:46,Saturday,ROSEDALE STATION,EUME,8,13,S,YU,6046"
"2021-09-04,18:48,Saturday,LAWRENCE WEST STATION,MUIS,0,0,,YU,0"
"2021-09-04,19:10,Saturday,VAUGHAN MC STATION,TUNIP,3,8,S,YU,5561"
"2021-09-04,19:21,Saturday,YONGE BD STATION,EUNT,3,7,W,BD,5300"
"2021-09-04,19:40,Saturday,ISLINGTON STATION,TUSC,0,0,E,BD,5261"
"2021-09-04,19:55,Saturday,KING STATION,MUPAA,0,0,N,YU,5561"
"2021-09-04,20:36,Saturday,DUNDAS STATION,PUMEL,0,0,,YU,0"
"2021-09-04,22:00,Saturday,YONGE-UNIVERSITY AND B,MUO,0,0,,YU/BD,0"
"2021-09-04,00:10,Saturday,CASTLE FRANK STATION,MUPAA,0,0,E,BD,5129"
"2021-09-04,01:28,Saturday,DUNDAS STATION,MUIS,0,0,N,YU,0"
"2021-09-04,09:15,Saturday,SHEPPARD-YONGE STATION,TUSC,0,0,W,SHP,6141"
"2021-09-05,08:00,Sunday,KIPLING STATION TO ISL,MUO,0,0,,BD,0"
"2021-09-05,08:31,Sunday,LAWRENCE EAST STATION,SRDP,0,0,,SRT,0"
"2021-09-05,08:05,Sunday,EGLINTON STATION,MUSC,8,0,N,YU,5546"
"2021-09-05,08:51,Sunday,MCCOWAN STATION,MRO,10,16,S,SRT,3002"
"2021-09-05,10:10,Sunday,MCCOWAN STATION,MRTO,6,12,N,SRT,3025"
"2021-09-05,08:45,Sunday,SHEPPARD WEST STATION,EUME,8,14,N,YU,5986"
"2021-09-05,15:27,Sunday,SCARBOROUGH RAPID TRAN,MRWEA,0,0,,SRT,0"
"2021-09-05,09:42,Sunday,VAUGHAN MC STATION,EUO,6,12,S,YU,5546"
"2021-09-05,10:02,Sunday,KENNEDY BD STATION,PUSTS,5,9,E,BD,5261"
"2021-09-05,10:06,Sunday,YORKDALE STATION,PUOPO,0,0,N,YU,6061"
"2021-09-05,10:10,Sunday,HIGHWAY 407 STATION,PUOPO,10,16,S,YU,6011"
"2021-09-05,10:12,Sunday,KENNEDY BD STATION,PUSTS,8,12,E,BD,5120"
"2021-09-05,10:14,Sunday,ST GEORGE YUS STATION,PUOPO,0,0,N,YU,5886"
"2021-09-05,10:20,Sunday,SPADINA YUS STATION,PUOPO,6,12,N,YU,6036"
"2021-09-05,10:23,Sunday,PIONEER VILLAGE STATIO,PUOPO,6,12,S,YU,6011"
"2021-09-05,10:24,Sunday,SPADINA YUS STATION,PUOPO,6,12,N,YU,5886"
"2021-09-05,11:21,Sunday,SHERBOURNE STATION,MUPAA,0,0,E,BD,5181"
"2021-09-05,12:42,Sunday,DUNDAS WEST STATION,TUMVS,0,0,W,BD,5241"
"2021-09-05,12:54,Sunday,HIGHWAY 407 STATION,PUOPO,3,8,S,YU,5961"
"2021-09-05,13:24,Sunday,PAPE STATION,SUDP,3,7,W,BD,5265"
"2021-09-05,13:52,Sunday,PAPE STATION,SUUT,8,12,E,BD,5341"
"2021-09-05,15:02,Sunday,ISLINGTON STATION,MUI,4,8,E,BD,5096"
"2021-09-05,15:23,Sunday,EGLINTON WEST STATION,MUATC,5,10,N,YU,5651"
"2021-09-05,15:55,Sunday,ROSEDALE STATION,EUME,4,9,S,YU,6046"
"2021-09-05,16:02,Sunday,LAWRENCE WEST STATION,MUIR,5,10,N,YU,5776"
"2021-09-05,17:02,Sunday,DUFFERIN STATION,MUPAA,0,0,E,BD,5096"
"2021-09-05,17:02,Sunday,EGLINTON STATION,PUTDN,5,10,S,YU,5871"
"2021-09-05,17:10,Sunday,FINCH STATION,MUSC,0,0,S,YU,5651"
"2021-09-05,17:55,Sunday,WARDEN STATION,MUIS,0,0,,BD,0"
"2021-09-05,18:15,Sunday,CASTLE FRANK STATION,SUDP,18,22,W,BD,5075"
"2021-09-05,18:40,Sunday,ISLINGTON STATION,MUO,4,8,E,BD,5025"
"2021-09-05,21:02,Sunday,ST GEORGE YUS STATION,SUUT,7,14,N,YU,5636"
"2021-09-05,21:20,Sunday,JANE STATION,MUIS,0,0,,BD,0"
"2021-09-05,21:31,Sunday,WARDEN STATION,PUSTS,0,0,E,BD,5300"
"2021-09-05,22:00,Sunday,YONGE-UNIVERSITY AND B,MUO,0,0,,YU/BD,0"
"2021-09-05,22:33,Sunday,YORK UNIVERSITY STATIO,PUOPO,4,11,N,YU,5666"
"2021-09-05,22:42,Sunday,YORK UNIVERSITY STATIO,PUOPO,0,0,N,YU,5941"
"2021-09-05,23:06,Sunday,WARDEN STATION,PUSTS,7,14,E,BD,5366"
"2021-09-05,00:30,Sunday,VAUGHAN MC STATION,PUOPO,0,0,S,YU,5981"
"2021-09-05,00:35,Sunday,HIGHWAY 407 STATION,PUOPO,6,13,S,YU,5981"
"2021-09-05,00:37,Sunday,BLOOR STATION,SUDP,0,0,N,YU,6136"
"2021-09-05,00:42,Sunday,PIONEER VILLAGE STATIO,PUOPO,7,14,S,YU,5981"
"2021-09-05,00:59,Sunday,HIGHWAY 407 STATION,PUOPO,5,12,S,YU,5856"
"2021-09-05,18:18,Sunday,BESSARION STATION,MUIS,0,0,,SHP,0"
"2021-09-06,11:02,Monday,KENNEDY SRT STATION,ERTC,7,12,S,SRT,3016"
"2021-09-06,05:50,Monday,KIPLING STATION,MUO,5,0,E,BD,5076"
"2021-09-06,06:56,Monday,EGLINTON STATION,PUSCR,4,10,N,YU,5471"
"2021-09-06,07:00,Monday,WILSON STATION,MUNOA,4,10,S,YU,5761"
"2021-09-06,07:29,Monday,NORTH YORK CTR STATION,MUIS,0,0,N,YU,0"
"2021-09-06,09:11,Monday,ISLINGTON STATION,EUSC,3,7,E,BD,5261"
"2021-09-06,10:58,Monday,ISLINGTON STATION,EUSC,0,0,E,BD,5261"
"2021-09-06,11:21,Monday,KIPLING STATION,MUIS,0,0,,BD,8038"
"2021-09-06,11:37,Monday,PAPE STATION,MUPAA,3,8,W,BD,5335"
"2021-09-06,12:16,Monday,COXWELL STATION,SUDP,6,11,E,BD,5079"
"2021-09-06,12:20,Monday,PIONEER VILLAGE STATIO,MUIE,0,0,,YU,0"
"2021-09-06,12:22,Monday,BROADVIEW STATION,SUDP,3,8,W,BD,5250"
"2021-09-06,14:46,Monday,WELLESLEY STATION,MUNCA,0,0,,YU,0"
"2021-09-06,15:22,Monday,VICTORIA PARK STATION,MUIS,0,0,,BD,0"
"2021-09-06,15:41,Monday,KENNEDY BD STATION,SUAE,0,0,,BD,0"
"2021-09-06,15:53,Monday,KIPLING STATION,MUIS,0,0,,BD,0"
"2021-09-06,15:54,Monday,ROSEDALE STATION,EUME,7,12,S,YU,6046"
"2021-09-06,16:14,Monday,SPADINA YUS STATION,MUIS,0,0,S,YU,5591"
"2021-09-06,17:21,Monday,SPADINA BD STATION,EUSC,0,0,E,BD,5366"
"2021-09-06,17:53,Monday,GREENWOOD STATION,MUSAN,5,10,E,BD,5000"
"2021-09-06,17:55,Monday,DAVISVILLE STATION,SUDP,0,0,N,YU,5761"
"2021-09-06,18:19,Monday,YORKDALE STATION,SUDP,0,0,,YU,0"
"2021-09-06,18:46,Monday,QUEEN STATION,MUIS,0,0,,YU,0"
"2021-09-06,21:26,Monday,BLOOR STATION,MUIRS,0,0,S,YU,0"
"2021-09-06,21:40,Monday,ST ANDREW STATION,MUIRS,0,0,,YU,0"
"2021-09-06,22:00,Monday,YONGE-UNIVERSITY AND B,MUO,0,0,,YU/BD,0"
"2021-09-06,22:36,Monday,YORK MILLS STATION,TUSC,0,0,S,YU,5876"
"2021-09-06,22:52,Monday,BLOOR STATION,MUTO,4,7,N,YU,5881"
"2021-09-06,23:40,Monday,FINCH STATION,MUESA,7,14,S,YU,5996"
"2021-09-06,13:01,Monday,BESSARION STATION,MUNCA,0,0,,SHP,0"
"2021-09-07,07:40,Tuesday,MIDLAND STATION,SRO,0,0,,SRT,0"
"2021-09-07,05:14,Tuesday,WILSON YARD,MUNOA,0,0,,YU,0"
"2021-09-07,09:45,Tuesday,KENNEDY SRT STATION,SRDP,14,21,S,SRT,3004"
"2021-09-07,05:16,Tuesday,WILSON YARD,MUNOA,0,0,,YU,0"
"2021-09-07,05:55,Tuesday,CHRISTIE STATION,SUO,0,0,,BD,0"
"2021-09-07,14:24,Tuesday,SCARBOROUGH CTR STATIO,TRO,0,0,S,SRT,3004"
"2021-09-07,17:23,Tuesday,SCARBOROUGH RAPID TRAN,MRWEA,0,0,,SRT,0"
"2021-09-07,06:14,Tuesday,WILSON YARD,MUNOA,0,0,S,YU,0"
"2021-09-07,07:43,Tuesday,KEELE STATION,PUMEL,0,0,,BD,0"
"2021-09-07,08:56,Tuesday,ROSEDALE STATION,MUATC,6,9,S,YU,5496"
"2021-09-07,09:14,Tuesday,VAUGHAN MC STATION,MUNOA,3,6,S,YU,0"
"2021-09-07,09:45,Tuesday,KENNEDY BD STATION,SUO,14,17,E,BD,5168"
"2021-09-07,09:56,Tuesday,VAUGHAN MC STATION,MUNOA,3,6,S,YU,5496"
"2021-09-07,10:12,Tuesday,VAUGHAN MC STATION,SUDP,0,0,,YU,0"
"2021-09-07,10:15,Tuesday,BROADVIEW STATION,MUPAA,3,6,W,BD,5361"
"2021-09-07,11:23,Tuesday,SHEPPARD STATION,MUIRS,0,0,,YU,0"
"2021-09-07,12:07,Tuesday,BROADVIEW STATION,MUPAA,3,6,W,BD,5101"
"2021-09-07,12:48,Tuesday,PAPE STATION,MUPAA,0,0,E,BD,5259"
"2021-09-07,12:48,Tuesday,MUSEUM STATION,MUPAA,0,0,S,YU,5881"
"2021-09-07,12:50,Tuesday,MUSEUM STATION,SUDP,11,14,N,YU,5651"
"2021-09-07,12:57,Tuesday,MUSEUM STATION,SUDP,3,6,S,YU,5761"
"2021-09-07,13:43,Tuesday,LAWRENCE STATION,EUSC,0,0,S,YU,5721"
"2021-09-07,13:53,Tuesday,ST CLAIR WEST STATION,SUG,4,7,N,YU,5391"
"2021-09-07,13:53,Tuesday,GREENWOOD STATION,SUDP,3,7,W,BD,5269"
"2021-09-07,14:02,Tuesday,EGLINTON WEST STATION,SUG,3,6,N,YU,5391"
"2021-09-07,14:06,Tuesday,ROSEDALE STATION,SUUT,12,15,N,YU,5906"
"2021-09-07,14:14,Tuesday,DUPONT STATION,MUIR,0,0,S,YU,6026"
"2021-09-07,14:25,Tuesday,FINCH STATION,EUSC,0,0,S,YU,5841"
"2021-09-07,14:27,Tuesday,FINCH STATION,MUIR,0,0,N,YU,6006"
"2021-09-07,14:34,Tuesday,YORK MILLS STATION,MUDD,3,6,N,YU,5586"
"2021-09-07,14:53,Tuesday,BLOOR STATION,MUDD,3,6,S,YU,5701"
"2021-09-07,14:57,Tuesday,VAUGHAN MC STATION,MUNOA,3,6,S,YU,5491"
"2021-09-07,15:12,Tuesday,EGLINTON STATION,MUPAA,0,0,S,YU,5651"
"2021-09-07,15:35,Tuesday,ST CLAIR STATION,MUPAA,3,6,S,YU,6011"
"2021-09-07,15:47,Tuesday,RUNNYMEDE STATION,SUROB,6,9,W,BD,5229"
"2021-09-07,16:45,Tuesday,FINCH STATION,MUPAA,0,0,S,YU,5911"
"2021-09-07,17:02,Tuesday,VAUGHAN MC STATION,TUNIP,3,6,S,YU,5636"
"2021-09-07,17:17,Tuesday,WARDEN STATION,MUIR,3,6,E,BD,5210"
"2021-09-07,17:39,Tuesday,SPADINA BD STATION,SUDP,4,8,E,BD,5135"
"2021-09-07,17:43,Tuesday,SPADINA YUS STATION,SUO,0,0,N,YU,5701"
"2021-09-07,18:07,Tuesday,LAWRENCE STATION,EUSC,0,0,N,YU,6036"
"2021-09-07,18:20,Tuesday,VAUGHAN MC STATION,MUNOA,3,6,S,YU,5471"
"2021-09-07,18:25,Tuesday,ISLINGTON STATION,EUDO,4,8,W,BD,5213"
"2021-09-07,19:04,Tuesday,LAWRENCE STATION,SUO,0,0,N,YU,5916"
"2021-09-07,20:36,Tuesday,OLD MILL STATION,SUAE,0,0,,BD,0"
"2021-09-07,20:56,Tuesday,WARDEN STATION,SUDP,6,12,E,BD,5019"
"2021-09-07,21:15,Tuesday,UNION STATION,PUMST,0,0,,YU,0"
"2021-09-07,22:00,Tuesday,YONGE-UNIVERSITY AND B,MUO,0,0,,YU/BD,0"
"2021-09-07,22:21,Tuesday,BLOOR STATION,MUIRS,0,0,S,YU,0"
"2021-09-07,23:00,Tuesday,SHEPPARD WEST TO WILSO,MUO,0,0,,YU,0"
"2021-09-07,00:01,Tuesday,COXWELL STATION,MUIS,0,0,,BD,0"
"2021-09-07,00:04,Tuesday,KEELE STATION,SUDP,0,0,,BD,0"
"2021-09-07,00:09,Tuesday,ROSEDALE STATION,MUSC,0,0,N,YU,5661"
"2021-09-07,00:22,Tuesday,PAPE STATION,MUPAA,0,0,W,BD,5022"
"2021-09-07,00:23,Tuesday,LAWRENCE STATION,SUDP,9,14,N,YU,5426"
"2021-09-07,01:40,Tuesday,KENNEDY BD STATION,MUI,0,0,W,BD,5131"
"2021-09-07,01:42,Tuesday,KING STATION,MUIS,0,0,N,YU,0"
"2021-09-07,13:41,Tuesday,SHEPPARD-YONGE STATION,TUSC,0,0,E,SHP,6171"
"2021-09-08,07:03,Wednesday,KENNEDY BD STATION,EUBO,3,6,W,BD,5331"
"2021-09-08,07:07,Wednesday,KENNEDY SRT STATION,MRD,5,12,N,SRT,3011"
"2021-09-08,14:22,Wednesday,SCARBOROUGH RAPID TRAN,MRWEA,0,0,,SRT,0"
"2021-09-08,08:25,Wednesday,ST ANDREW STATION,SUAP,4,7,S,YU,5606"
"2021-09-08,19:48,Wednesday,MCCOWAN STATION,MRUI,0,0,,SRT,0"
"2021-09-08,08:47,Wednesday,ST CLAIR WEST STATION,MUIS,0,0,,YU,0"
"2021-09-08,08:54,Wednesday,DUNDAS STATION,SUUT,12,15,N,YU,6021"
"2021-09-08,09:01,Wednesday,MUSEUM STATION,PUMEL,0,0,,YU,0"
"2021-09-08,09:05,Wednesday,KIPLING STATION,TUMVS,3,6,W,BD,5127"
"2021-09-08,09:27,Wednesday,COLLEGE STATION,MUIRS,0,0,,YU,0"
"2021-09-08,09:30,Wednesday,DUNDAS STATION,MUIS,0,0,S,YU,0"
"2021-09-08,10:50,Wednesday,BATHURST STATION,PUMEL,0,0,E,BD,0"
"2021-09-08,12:16,Wednesday,BLOOR STATION,MUPAA,0,0,N,YU,5811"
"2021-09-08,12:31,Wednesday,COXWELL STATION,MUPAA,0,0,E,BD,5348"
"2021-09-08,13:22,Wednesday,CASTLE FRANK STATION,EUDO,6,9,W,BD,5174"
"2021-09-08,13:22,Wednesday,SHEPPARD STATION,EUDO,0,0,N,YU,5991"
"2021-09-08,14:47,Wednesday,ROSEDALE STATION,MUATC,3,6,S,YU,5601"
"2021-09-08,17:10,Wednesday,COLLEGE STATION,MUPAA,0,0,S,YU,5031"
"2021-09-08,17:43,Wednesday,WARDEN STATION,MUIS,0,0,,BD,0"
"2021-09-08,18:30,Wednesday,KIPLING STATION,MUIS,0,0,,BD,0"
"2021-09-08,18:52,Wednesday,MAIN STREET STATION,PUMEL,0,0,,BD,0"
"2021-09-08,18:58,Wednesday,VAUGHAN MC STATION,TUNIP,3,6,S,YU,5721"
"2021-09-08,19:09,Wednesday,ROYAL YORK STATION,MUSC,0,0,E,BD,5218"
"2021-09-08,19:59,Wednesday,DAVISVILLE STATION,SUDP,3,7,N,YU,6021"
"2021-09-08,20:29,Wednesday,ST CLAIR STATION,EUBO,3,6,N,YU,5971"
"2021-09-08,20:30,Wednesday,VAUGHAN MC STATION,TUNIP,6,9,S,YU,5991"
"2021-09-08,20:32,Wednesday,BROADVIEW STATION,MUPAA,0,0,W,BD,5190"
"2021-09-08,20:59,Wednesday,OSGOODE STATION,MUATC,3,8,S,YU,5996"
"2021-09-08,21:27,Wednesday,PAPE STATION,MUPAA,3,9,E,BD,5164"
"2021-09-08,22:00,Wednesday,YONGE-UNIVERSITY AND B,MUO,0,0,,YU/BD,0"
"2021-09-08,23:00,Wednesday,SHEPPARD WEST TO WILSO,MUO,0,0,,YUS,0"
"2021-09-08,23:20,Wednesday,BROADVIEW STATION,SUO,0,0,W,BD,5154"
"2021-09-08,23:26,Wednesday,BROADVIEW STATION,MUPAA,0,0,W,BD,5046"
"2021-09-08,23:58,Wednesday,SHERBOURNE STATION,SUDP,0,0,E,BD,5349"
"2021-09-08,00:08,Wednesday,GREENWOOD STATION,MUTO,6,12,E,BD,5349"
"2021-09-08,00:10,Wednesday,PAPE STATION,SUDP,0,0,E,BD,5136"
"2021-09-08,01:29,Wednesday,FINCH STATION,MUIS,0,0,,YU,0"
"2021-09-08,01:59,Wednesday,DUNDAS STATION,MUIE,0,0,N,YU,0"
"2021-09-09,05:57,Thursday,OSSINGTON STATION,PUSTS,3,0,E,BD,5096"
"2021-09-09,06:07,Thursday,SHEPPARD WEST STATION,MUATC,8,12,S,YU,5471"
"2021-09-09,06:08,Thursday,CHRISTIE STATION,EUYRD,3,0,W,BD,5009"
"2021-09-09,06:11,Thursday,YONGE BD STATION,EUYRD,3,0,W,BD,5358"
"2021-09-09,06:15,Thursday,ROSEDALE STATION,MUATC,5,8,S,YU,5671"
"2021-09-09,06:48,Thursday,DUNDAS WEST STATION,SUDP,0,0,,BD,0"
"2021-09-09,07:13,Thursday,FINCH STATION,MUO,3,6,N,YU,5681"
"2021-09-09,08:36,Thursday,FINCH STATION,MUSC,0,0,S,YU,5761"
"2021-09-09,08:54,Thursday,NORTH YORK CTR STATION,TUSC,0,0,N,YU,5646"
"2021-09-09,09:00,Thursday,VAUGHAN MC STATION,MUNOA,3,6,S,YU,0"
"2021-09-09,09:11,Thursday,VAUGHAN MC STATION,MUNOA,3,6,S,YU,5606"
"2021-09-09,09:40,Thursday,KIPLING STATION,MUSAN,3,6,E,BD,5116"
"2021-09-09,10:10,Thursday,VAUGHAN MC STATION,MUNOA,3,6,S,YU,5441"
"2021-09-09,10:44,Thursday,ST PATRICK STATION,PUMEL,0,0,,YU,0"
"2021-09-09,12:17,Thursday,QUEEN STATION,SUDP,5,8,S,YU,5976"
"2021-09-09,12:19,Thursday,YONGE AND STEELES,MUIS,0,0,,YU,0"
"2021-09-09,12:23,Thursday,DUFFERIN STATION,SUAE,0,0,,BD,0"
"2021-09-09,12:27,Thursday,YONGE BD STATION,MUPAA,0,0,W,BD,5106"
"2021-09-09,12:47,Thursday,SHERBOURNE STATION,MUPAA,0,0,E,BD,5156"
"2021-09-09,12:54,Thursday,MAIN STREET STATION,SUDP,0,0,,BD,0"
"2021-09-09,13:07,Thursday,PAPE STATION,MUPAA,0,0,E,BD,5123"
"2021-09-09,13:21,Thursday,BLOOR STATION,MUIRS,0,0,,YU,0"
"2021-09-09,13:23,Thursday,VAUGHAN MC STATION,MUNOA,3,6,S,YU,0"
"2021-09-09,14:24,Thursday,DUNDAS WEST STATION,SUDP,0,0,,BD,0"
"2021-09-09,14:57,Thursday,VAUGHAN MC STATION,MUNOA,3,6,N,YU,0"
"2021-09-09,15:35,Thursday,WELLESLEY STATION,MUIS,0,0,,YU,0"
"2021-09-09,15:39,Thursday,GREENWOOD STATION,SUDP,3,6,E,BD,5004"
"2021-09-09,15:55,Thursday,FINCH WEST STATION,SUDP,0,0,,YU,0"
"2021-09-09,16:00,Thursday,VAUGHAN MC STATION,MUNOA,3,6,S,YU,0"
"2021-09-09,16:20,Thursday,ST GEORGE BD STATION,MUDD,0,0,E,BD,5123"
"2021-09-09,16:25,Thursday,VAUGHAN MC STATION,MUNOA,3,6,S,YU,0"
"2021-09-09,16:45,Thursday,VAUGHAN MC STATION,MUNOA,3,6,S,YU,5881"
"2021-09-09,16:56,Thursday,RUNNYMEDE STATION,SUPOL,5,8,W,BD,5034"
"2021-09-09,17:17,Thursday,VAUGHAN MC STATION,MUNOA,3,6,S,YU,6071"
"2021-09-09,17:38,Thursday,VAUGHAN MC STATION,MUNOA,3,6,S,YU,5631"
"2021-09-09,17:45,Thursday,GREENWOOD STATION,SUDP,4,7,E,BD,5034"
"2021-09-09,17:47,Thursday,ST GEORGE YUS STATION,MUIRS,0,0,,YU,0"
"2021-09-09,18:49,Thursday,QUEEN STATION,SUDP,3,6,N,YU,5811"
"2021-09-09,19:05,Thursday,YORK MILLS STATION,SUAP,0,0,,YU,0"
"2021-09-09,19:28,Thursday,BROADVIEW STATION,SUDP,0,0,E,BD,5000"
"2021-09-09,19:30,Thursday,VAUGHAN MC STATION,MUNOA,3,6,S,YU,0"
"2021-09-09,19:38,Thursday,PAPE STATION,SUDP,3,6,E,BD,5178"
"2021-09-09,20:08,Thursday,CASTLE FRANK STATION,MUI,12,18,E,BD,5022"
"2021-09-09,20:57,Thursday,VICTORIA PARK STATION,SUO,0,0,,BD,0"
"2021-09-09,21:07,Thursday,QUEEN STATION,MUIS,0,0,N,YU,0"
"2021-09-09,21:22,Thursday,VAUGHAN MC STATION,MUNOA,5,10,S,YU,0"
"2021-09-09,21:30,Thursday,VAUGHAN MC STATION,MUNOA,5,10,,YU,0"
"2021-09-09,21:40,Thursday,ROSEDALE STATION,SUDP,11,16,S,YU,5961"
"2021-09-09,22:00,Thursday,YONGE-UNIVERSITY AND B,MUO,0,0,,YU/BD,0"
"2021-09-09,22:03,Thursday,GREENWOOD STATION,SUDP,0,0,W,BD,5221"
"2021-09-09,22:12,Thursday,SHERBOURNE STATION,SUAP,7,13,W,BD,5221"
"2021-09-09,22:19,Thursday,SPADINA YUS STATION,MUIS,0,0,,YU,0"
"2021-09-09,22:25,Thursday,VAUGHAN MC STATION,SUDP,8,13,S,YU,5471"
"2021-09-09,22:33,Thursday,DOWNSVIEW PARK STATION,MUATC,5,10,N,YU,5961"
"2021-09-09,23:00,Thursday,VAUGHAN MC STATION,MUATC,5,10,S,YU,6011"
"2021-09-09,23:00,Thursday,SHEPPARD WEST TO WILSO,MUO,0,0,,YU,0"
"2021-09-09,23:27,Thursday,YORK MILLS STATION,SUDP,4,9,S,YU,5406"
"2021-09-09,00:57,Thursday,VAUGHAN MC STATION,MUATC,5,10,S,YU,5711"
"2021-09-09,01:39,Thursday,YORK MILLS STATION,MUTD,0,0,S,YU,5911"
"2021-09-09,16:28,Thursday,BAYVIEW STATION,TUO,5,10,E,SHP,6171"
"2021-09-09,20:27,Thursday,DON MILLS STATION,MUTO,12,17,W,SHP,6166"
"2021-09-10,05:07,Friday,GREENWOOD STATION,PUTOE,0,0,E,BD,0"
"2021-09-10,06:58,Friday,KENNEDY SRT STATION,SRO,24,31,S,SRT,3000"
"2021-09-10,05:41,Friday,JANE STATION,PUTIJ,0,0,E,BD,5261"
"2021-09-10,21:23,Friday,SCARBOROUGH CTR STATIO,MRO,0,0,,SRT,0"
"2021-09-10,05:43,Friday,GREENWOOD YARD,MUSC,0,0,E,BD,5148"
"2021-09-10,06:58,Friday,KENNEDY BD STATION,SUO,21,24,W,BD,5110"
"2021-09-10,07:09,Friday,FINCH STATION,EUPI,3,6,N,YU,5551"
"2021-09-10,07:15,Friday,WOODBINE STATION,SUDP,13,26,,BD,8759"
"2021-09-10,08:08,Friday,FINCH STATION,MUSC,3,6,S,YU,5881"
"2021-09-10,08:34,Friday,VAUGHAN MC STATION,EUTRD,3,6,S,YU,5561"
"2021-09-10,08:44,Friday,ST CLAIR WEST STATION,SUEAS,15,18,N,YU,5941"
"2021-09-10,08:48,Friday,NORTH YORK CTR STATION,SUDP,0,0,,YU,0"
"2021-09-10,09:10,Friday,YONGE UNIVERSITY LINE,MUATC,5,8,,YU,0"
"2021-09-10,09:21,Friday,NORTH YORK CTR STATION,MUSC,0,0,S,YU,5921"
"2021-09-10,10:07,Friday,VAUGHAN MC STATION,MUNOA,3,6,S,YU,0"
"2021-09-10,10:19,Friday,ST GEORGE YUS STATION,MUIS,0,0,,YU,0"
"2021-09-10,12:17,Friday,FINCH TO ROSEDALE,MUO,12,15,N,YU,5586"
"2021-09-10,14:09,Friday,WILSON STATION,TUNOA,3,6,N,YU,0"
"2021-09-10,14:32,Friday,WILSON STATION,MUATC,4,7,S,YU,5461"
"2021-09-10,14:41,Friday,COXWELL STATION,MUPAA,0,0,E,BD,5143"
"2021-09-10,14:55,Friday,BROADVIEW STATION,SUDP,0,0,W,BD,5009"
"2021-09-10,14:59,Friday,VAUGHAN MC STATION,MUATC,3,6,S,YU,6101"
"2021-09-10,15:10,Friday,YONGE BD STATION,SUDP,0,0,E,BD,5247"
"2021-09-10,15:17,Friday,SHERBOURNE STATION,SUAP,7,10,W,BD,5125"
"2021-09-10,15:29,Friday,FINCH WEST TO WILSON,MUATC,9,12,S,YU,5566"
"2021-09-10,15:46,Friday,BLOOR STATION,MUIS,0,0,S,YU,0"
"2021-09-10,15:56,Friday,VAUGHAN MC STATION,MUNOA,3,6,S,YU,6026"
"2021-09-10,16:40,Friday,WILSON STATION,MUNOA,3,6,N,YU,0"
"2021-09-10,16:50,Friday,BLOOR STATION,MUIS,0,0,N,YU,0"
"2021-09-10,17:04,Friday,DAVISVILLE STATION,TUNOA,3,6,S,YU,0"
"2021-09-10,17:14,Friday,WILSON STATION,TUNOA,3,6,E,YU,0"
"2021-09-10,17:29,Friday,WILSON STATION,TUNOA,3,6,N,YU,0"
"2021-09-10,19:21,Friday,OLD MILL STATION,TUMVS,0,0,E,BD,5007"
"2021-09-10,19:32,Friday,OLD MILL STATION,TUMVS,0,0,E,BD,5213"
"2021-09-10,20:34,Friday,KING STATION,PUMEL,0,0,,YU,0"
"2021-09-10,20:35,Friday,WARDEN TO KENNEDY,MUO,13,19,E,BD,5213"
"2021-09-10,20:42,Friday,KENNEDY BD STATION,MUO,8,16,E,BD,0"
"2021-09-10,22:00,Friday,YONGE-UNIVERSITY AND B,MUO,0,0,,YU/BD,0"
"2021-09-10,22:02,Friday,WELLESLEY STATION,SUAE,0,0,,YU,0"
"2021-09-10,22:08,Friday,WELLESLEY STATION,SUUT,8,13,S,YU,5781"
"2021-09-10,22:29,Friday,GREENWOOD YARD,SUG,0,0,,BD,0"
"2021-09-10,22:31,Friday,COXWELL STATION,MUIS,0,0,,BD,0"
"2021-09-10,22:32,Friday,PIONEER VILLAGE STATIO,MUATC,0,0,N,YU,5896"
"2021-09-10,22:40,Friday,FINCH WEST STATION,MUATC,8,13,N,YU,5876"
"2021-09-10,00:07,Friday,JANE STATION,TUO,5,11,E,BD,5265"
"2021-09-10,00:36,Friday,DUNDAS STATION,SUUT,3,8,N,YU,5876"
"2021-09-10,00:56,Friday,WARDEN STATION,MUIS,0,0,,BD,0"
"2021-09-11,06:00,Saturday,TORONTO TRANSIT COMMIS,MRO,0,0,,SRT,0"
"2021-09-11,06:00,Saturday,TORONTO TRANSIT COMMIS,MUO,0,0,,YU/BD,0"
"2021-09-11,06:00,Saturday,TORONTO TRANSIT COMMIS,MRO,0,0,,SRT,0"
"2021-09-11,06:00,Saturday,TORONTO TRANSIT COMMIS,MUO,0,0,,YU/BD,0"
"2021-09-11,06:08,Saturday,SHEPPARD STATION,MUIS,0,0,,YU,0"
"2021-09-11,07:01,Saturday,COLLEGE STATION,MUIS,0,0,,YU,0"
"2021-09-11,09:52,Saturday,ROYAL YORK STATION,MUSC,0,0,W,BD,5106"
"2021-09-11,11:37,Saturday,CHRISTIE STATION,MUD,6,10,W,BD,5300"
"2021-09-11,12:22,Saturday,LAWRENCE STATION,SUAP,0,0,S,YU,5921"
"2021-09-11,12:32,Saturday,YORK MILLS STATION,TUSC,0,0,S,YU,5886"
"2021-09-11,12:44,Saturday,EGLINTON STATION,PUTTC,10,14,N,YU,5426"
"2021-09-11,13:27,Saturday,YORK MILLS STATION,PUTTP,10,14,S,YU,5761"
"2021-09-11,13:57,Saturday,KENNEDY BD STATION,PUMEL,0,0,,BD,0"
"2021-09-11,14:50,Saturday,LANSDOWNE STATION,SUDP,4,8,E,BD,5202"
"2021-09-11,15:34,Saturday,KIPLING STATION,TUMVS,6,10,E,BD,5164"
"2021-09-11,15:38,Saturday,VAUGHAN MC STATION,TUNIP,5,9,S,YU,6011"
"2021-09-11,15:56,Saturday,UNION STATION,MUPAA,0,0,N,YU,6091"
"2021-09-11,16:15,Saturday,YORK MILLS STATION,SUDP,5,9,S,YU,5816"
"2021-09-11,16:35,Saturday,PAPE STATION,MUIR,8,12,E,BD,5161"
"2021-09-11,16:38,Saturday,KENNEDY BD STATION,SUDP,0,0,,BD,0"
"2021-09-11,17:17,Saturday,DUNDAS STATION,MUIS,0,0,S,YU,5906"
"2021-09-11,17:23,Saturday,ST GEORGE YUS STATION,MUIS,0,0,,YU,0"
"2021-09-11,17:46,Saturday,DUNDAS WEST STATION,MUIS,0,0,,BD,0"
"2021-09-11,18:29,Saturday,DOWNSVIEW PARK STATION,SUDP,3,8,N,YU,5591"
"2021-09-11,18:38,Saturday,COLLEGE STATION,MUIR,5,8,N,YU,5446"
"2021-09-11,18:46,Saturday,VAUGHAN MC STATION,MUNOA,5,10,S,YU,0"
"2021-09-11,18:55,Saturday,EGLINTON STATION,EUSC,0,0,S,YU,5506"
"2021-09-11,19:18,Saturday,VAUGHAN MC STATION,TUNOA,5,10,S,YU,0"
"2021-09-11,19:29,Saturday,DUNDAS STATION,SUDP,0,0,N,YU,0"
"2021-09-11,19:38,Saturday,DONLANDS STATION,MUIS,0,0,W,BD,0"
"2021-09-11,21:01,Saturday,KENNEDY BD STATION,EULV,5,12,W,BD,5110"
"2021-09-11,21:07,Saturday,QUEEN'S PARK STATION,SUDP,0,0,S,YU,5661"
"2021-09-11,21:28,Saturday,PAPE STATION,PUMEL,0,0,,BD,0"
"2021-09-11,22:00,Saturday,YONGE-UNIVERSITY AND B,MUO,0,0,,YU/BD,0"
"2021-09-11,22:09,Saturday,WILSON STATION,MUIRS,0,0,S,YU,5571"
"2021-09-11,23:00,Saturday,KIPLING STATION,MUPAA,0,0,E,BD,5049"
"2021-09-11,23:15,Saturday,YORK UNIVERSITY STATIO,EUBK,7,14,S,YU,6126"
"2021-09-11,23:37,Saturday,PAPE STATION,MUIS,0,0,E,BD,5189"
"2021-09-11,00:35,Saturday,WILSON STATION,SUDP,0,0,N,YU,5936"
"2021-09-11,01:20,Saturday,BLOOR STATION,MUIS,0,0,S,YU,0"
"2021-09-11,01:28,Saturday,LAWRENCE STATION,SUEAS,9,16,N,YU,5571"
"2021-09-11,01:34,Saturday,BAY STATION,MUIRS,0,0,,BD,0"
"2021-09-11,06:00,Saturday,TORONTO TRANSIT COMMIS,MUO,0,0,,SHP,0"
"2021-09-11,06:00,Saturday,TORONTO TRANSIT COMMIS,MUO,0,0,,SHP,0"
"2021-09-11,10:00,Saturday,SHEPPARD-YONGE STATION,TUSC,0,0,E,SHP,6171"
"2021-09-11,22:21,Saturday,SHEPPARD-YONGE STATION,EUOE,5,10,E,SHP,6146"
"2021-09-12,08:00,Sunday,KIPLING STATION,MUO,9,0,E,BD,5049"
"2021-09-12,08:27,Sunday,SHEPPARD WEST STATION,PUOPO,8,14,N,YU,5916"
"2021-09-12,08:49,Sunday,DUPONT STATION,PUOPO,6,12,N,YU,5926"
"2021-09-12,09:17,Sunday,ST CLAIR WEST STATION,PUOPO,6,12,S,YU,5911"
"2021-09-12,09:28,Sunday,YORK MILLS STATION,TUSC,0,0,S,YU,5766"
"2021-09-12,10:26,Sunday,ST ANDREW STATION,EUDO,6,12,N,YU,5726"
"2021-09-12,10:58,Sunday,HIGHWAY 407 STATION,PUOPO,0,0,S,YU,5966"
"2021-09-12,11:13,Sunday,EGLINTON WEST STATION,MUATC,10,16,N,YU,6091"
"2021-09-12,11:14,Sunday,KENNEDY BD STATION,MUTO,3,8,W,BD,5123"
"2021-09-12,11:49,Sunday,YORK UNIVERSITY STATIO,PUOPO,6,12,S,YU,6096"
"2021-09-12,12:30,Sunday,HIGHWAY 407 STATION,PUOPO,0,0,S,YU,5551"
"2021-09-12,13:32,Sunday,HIGHWAY 407 STATION,PUOPO,0,0,S,YU,5966"
"2021-09-12,14:22,Sunday,ST GEORGE YUS STATION,PUOPO,5,10,N,YU,5556"
"2021-09-12,14:30,Sunday,DUPONT STATION,PUOPO,5,10,N,YU,5556"
"2021-09-12,14:51,Sunday,COLLEGE STATION,MUIS,0,0,N,YU,0"
"2021-09-12,15:43,Sunday,GLENCAIRN STATION,PUOPO,5,10,N,YU,5496"
"2021-09-12,15:50,Sunday,MUSEUM STATION,EUNT,5,10,N,YU,5896"
"2021-09-12,16:36,Sunday,DAVISVILLE YARD,SUDP,0,0,,YU,0"
"2021-09-12,16:37,Sunday,ST CLAIR STATION,TUOS,5,10,S,YU,5741"
"2021-09-12,17:07,Sunday,HIGHWAY 407 STATION,PUOPO,0,0,S,YU,5426"
"2021-09-12,17:13,Sunday,ST CLAIR WEST STATION,PUOPO,6,11,N,YU,5591"
"2021-09-12,17:22,Sunday,KENNEDY BD STATION,MUTO,5,10,W,BD,5189"
"2021-09-12,17:22,Sunday,EGLINTON WEST STATION,PUOPO,5,10,N,YU,5591"
"2021-09-12,17:57,Sunday,HIGHWAY 407 STATION,PUOPO,0,0,S,YU,6131"
"2021-09-12,18:13,Sunday,WILSON STATION,PUOPO,5,10,S,YU,5676"
"2021-09-12,18:18,Sunday,YORKDALE STATION,PUOPO,5,10,S,YU,5676"
"2021-09-12,18:28,Sunday,HIGHWAY 407 STATION,PUOPO,0,0,N,YU,5566"
"2021-09-12,18:30,Sunday,HIGHWAY 407 STATION,PUOPO,3,8,S,YU,5966"
"2021-09-12,18:39,Sunday,ROYAL YORK STATION,EUSC,0,0,W,BD,5106"
"2021-09-12,18:44,Sunday,LAWRENCE STATION,SUAP,0,0,S,YU,5976"
"2021-09-12,18:55,Sunday,HIGH PARK STATION,SUDP,0,0,E,BD,5367"
"2021-09-12,20:34,Sunday,SPADINA YUS STATION,PUOPO,0,0,N,YU,5711"
"2021-09-12,20:38,Sunday,DUPONT STATION,PUOPO,7,14,N,YU,5711"
"2021-09-12,20:50,Sunday,SHERBOURNE STATION,SUDP,0,0,,BD,0"
"2021-09-12,21:25,Sunday,PIONEER VILLAGE STATIO,PUOPO,5,12,S,YU,5701"
"2021-09-12,21:33,Sunday,PIONEER VILLAGE STATIO,PUOPO,0,0,S,YU,5796"
"2021-09-12,21:38,Sunday,PIONEER VILLAGE STATIO,PUOPO,0,0,S,YU,5631"
"2021-09-12,21:41,Sunday,ST CLAIR WEST STATION,PUOPO,0,0,S,YU,5781"
"2021-09-12,21:46,Sunday,PIONEER VILLAGE STATIO,PUOPO,0,0,S,YU,5891"
"2021-09-12,21:54,Sunday,PIONEER VILLAGE STATIO,PUOPO,0,0,S,YU,6086"
"2021-09-12,21:59,Sunday,PIONEER VILLAGE STATIO,PUOPO,0,0,S,YU,5661"
"2021-09-12,22:00,Sunday,YONGE-UNIVERSITY AND B,MUO,0,0,,YU/BD,0"
"2021-09-12,22:07,Sunday,PIONEER VILLAGE STATIO,PUOPO,0,0,S,YU,5626"
"2021-09-12,22:08,Sunday,EGLINTON STATION,SUDP,3,10,S,YU,5766"
"2021-09-12,22:23,Sunday,DUPONT STATION,MUNCA,0,0,,YU,0"
"2021-09-12,22:28,Sunday,VICTORIA PARK STATION,MUIS,0,0,W,BD,5138"
"2021-09-12,22:29,Sunday,GREENWOOD STATION,SUO,0,0,W,BD,5138"
"2021-09-12,22:34,Sunday,DUNDAS WEST STATION,MUIS,0,0,E,BD,0"
"2021-09-12,22:45,Sunday,KENNEDY BD STATION,MUSAN,3,10,W,BD,5127"
"2021-09-12,23:26,Sunday,KIPLING STATION,MUIS,0,0,,BD,0"
"2021-09-12,23:42,Sunday,HIGHWAY 407 STATION,PUOPO,8,13,S,YU,5966"
"2021-09-12,00:08,Sunday,WELLESLEY STATION,SUDP,0,0,N,YU,5856"
"2021-09-12,00:42,Sunday,NORTH YORK CTR STATION,MUSC,0,0,N,YU,5506"
"2021-09-12,00:55,Sunday,ISLINGTON STATION,SUROB,0,0,,BD,0"
"2021-09-12,14:03,Sunday,BAYVIEW STATION,SUDP,3,8,E,SHP,6171"
"2021-09-12,15:01,Sunday,DON MILLS STATION,TUSC,0,0,E,SHP,6181"
"2021-09-13,06:00,Monday,TORONTO TRANSIT COMMIS,MRO,0,0,,SRT,0"
"2021-09-13,06:00,Monday,TORONTO TRANSIT COMMIS,MUO,0,0,,BD,0"
"2021-09-13,06:00,Monday,TORONTO TRANSIT COMMIS,MRO,0,0,,SRT,0"
"2021-09-13,06:00,Monday,TORONTO TRANSIT COMMIS,MUO,0,0,,YU,0"
"2021-09-13,06:00,Monday,TORONTO TRANSIT COMMIS,MRO,0,0,,SRT,0"
"2021-09-13,06:00,Monday,TORONTO TRANSIT COMMIS,MUO,0,0,,BD,0"
"2021-09-13,08:00,Monday,KIPLING STATION,MUTO,4,7,E,BD,5138"
"2021-09-13,21:21,Monday,MCCOWAN STATION,SRUT,0,0,N,SRT,3001"
"2021-09-13,09:08,Monday,ST PATRICK STATION,MUPAA,0,0,N,YU,5666"
"2021-09-13,09:13,Monday,FINCH STATION,SUDP,3,6,S,YU,5841"
"2021-09-13,10:17,Monday,YORK UNIVERSITY STATIO,MUO,4,7,S,YU,5891"
"2021-09-13,10:53,Monday,QUEEN'S PARK STATION,MUWR,3,7,S,YU,5891"
"2021-09-13,11:00,Monday,BLOOR STATION,SUDP,0,0,N,YU,6086"
"2021-09-13,11:20,Monday,ROSEDALE STATION,MUSC,3,6,N,YU,5456"
"2021-09-13,13:03,Monday,FINCH STATION,TUNIP,3,6,S,YU,5996"
"2021-09-13,13:13,Monday,DUPONT STATION,MUIR,3,6,N,YU,5511"
"2021-09-13,13:14,Monday,CASTLE FRANK STATION,SUDP,0,0,,BD,0"
"2021-09-13,13:46,Monday,FINCH STATION,SUDP,3,6,N,YU,6086"
"2021-09-13,13:54,Monday,DUPONT STATION,SUDP,0,0,N,YU,5786"
"2021-09-13,14:14,Monday,ST ANDREW STATION,MUIE,0,0,,YU,0"
"2021-09-13,15:11,Monday,ST GEORGE YUS STATION,MUPAA,0,0,N,YU,5821"
"2021-09-13,15:16,Monday,BATHURST STATION,SUO,0,0,W,BD,5055"
"2021-09-13,15:50,Monday,VAUGHAN MC STATION,MUNOA,3,6,S,YU,5736"
"2021-09-13,15:51,Monday,KENNEDY BD STATION,SUAE,0,0,,BD,0"
"2021-09-13,15:56,Monday,VAUGHAN MC STATION,MUNOA,3,6,S,YU,5746"
"2021-09-13,16:08,Monday,QUEEN STATION,SUAP,0,0,N,YU,5931"
"2021-09-13,16:37,Monday,VAUGHAN MC STATION,MUNOA,3,6,S,YU,6011"
"2021-09-13,16:41,Monday,WARDEN STATION,MUIS,0,0,,BD,0"
"2021-09-13,16:41,Monday,VAUGHAN MC STATION,MUNOA,3,6,S,YU,5706"
"2021-09-13,16:55,Monday,EGLINTON WEST STATION,MUPAA,0,0,N,YU,5526"
"2021-09-13,17:06,Monday,KING STATION,PUMEL,0,0,,YU,0"
"2021-09-13,17:19,Monday,VAUGHAN MC STATION,MUNOA,5,10,S,YU,5456"
"2021-09-13,17:20,Monday,MCBRIEN BUILDING,SUO,0,0,,,0"
"2021-09-13,17:25,Monday,VAUGHAN MC STATION,MUNOA,5,10,S,YU,5726"
"2021-09-13,18:07,Monday,LAWRENCE STATION,EUSC,0,0,S,YU,5881"
"2021-09-13,18:10,Monday,ROYAL YORK STATION,SUPOL,0,0,E,BD,5138"
"2021-09-13,18:47,Monday,UNION STATION,SUDP,0,0,N,YU,5606"
"2021-09-13,18:47,Monday,ROSEDALE STATION,SUDP,6,9,S,YU,5656"
"2021-09-13,18:48,Monday,VICTORIA PARK STATION,SUDP,4,7,E,BD,5186"
"2021-09-13,19:02,Monday,LAWRENCE WEST STATION,SUDP,8,11,S,YU,5636"
"2021-09-13,19:06,Monday,EGLINTON STATION,MUIS,0,0,,YU,0"
"2021-09-13,19:11,Monday,ROSEDALE STATION,SUUT,0,0,N,YU,5726"
"2021-09-13,20:34,Monday,KENNEDY BD STATION,MUIS,0,0,,BD,0"
"2021-09-13,20:35,Monday,BLOOR STATION,SUDP,0,0,N,YU,5781"
"2021-09-13,20:38,Monday,YONGE BD STATION,SUO,0,0,E,BD,5201"
"2021-09-13,21:01,Monday,JANE STATION,PUTIJ,0,0,E,BD,5287"
"2021-09-13,22:00,Monday,YONGE-UNIVERSITY AND B,MUO,0,0,,YU/BD,0"
"2021-09-13,22:01,Monday,LAWRENCE STATION,MUSC,0,0,N,YU,5561"
"2021-09-13,23:00,Monday,KING TO SPADINA STATIO,MUO,0,0,B,YU,0"
"2021-09-13,00:00,Monday,PIONEER VILLAGE TO VAU,MUO,0,0,N,YU,0"
"2021-09-13,01:08,Monday,SPADINA BD STATION,MUIS,0,0,E,BD,5367"
"2021-09-13,06:00,Monday,TORONTO TRANSIT COMMIS,MUO,0,0,,SHP,0"
"2021-09-13,06:00,Monday,TORONTO TRANSIT COMMIS,MUO,0,0,,SHP,0"
"2021-09-13,06:00,Monday,TORONTO TRANSIT COMMIS,MUO,0,0,,SHP,0"
"2021-09-13,11:06,Monday,BESSARION STATION,PUOPO,5,10,E,SHP,6151"
"2021-09-13,14:00,Monday,SHEPPARD-YONGE STATION,EUSC,0,0,W,SHP,6176"
"2021-09-13,23:18,Monday,SHEPPARD-YONGE STATION,TUO,4,9,E,SHP,6196"
"2021-09-14,06:00,Tuesday,TORONTO TRANSIT COMMIS,MRO,0,0,,SRT,0"
"2021-09-14,05:44,Tuesday,YORK MILLS STATION,EUSC,0,0,S,YU,5981"
"2021-09-14,06:00,Tuesday,TORONTO TRANSIT COMMIS,MRO,0,0,,SRT,0"
"2021-09-14,06:00,Tuesday,TORONTO TRANSIT COMMIS,MUO,0,0,,YU/BD,0"
"2021-09-14,17:31,Tuesday,SCARBOROUGH RAPID TRAN,MRWEA,0,0,,SRT,0"
"2021-09-14,06:00,Tuesday,TORONTO TRANSIT COMMIS,MUO,0,0,,YU,0"
"2021-09-14,06:59,Tuesday,FINCH STATION,TUSC,0,0,S,YU,6036"
"2021-09-14,07:11,Tuesday,YORK MILLS STATION,TUSC,0,0,S,YU,5526"
"2021-09-14,09:15,Tuesday,KIPLING STATION,MUTO,3,6,E,BD,5294"
"2021-09-14,09:53,Tuesday,LAWRENCE WEST STATION,MUIS,0,0,,YU,0"
"2021-09-14,09:56,Tuesday,BLOOR STATION,MUIRS,0,0,N,YU,5651"
"2021-09-14,11:53,Tuesday,FINCH STATION,MUIS,0,0,,YU,0"
"2021-09-14,12:10,Tuesday,WOODBINE STATION,SUDP,0,0,W,BD,5250"
"2021-09-14,12:46,Tuesday,BLOOR STATION,SUSA,0,0,,YU,0"
"2021-09-14,12:53,Tuesday,EGLINTON STATION,MUIS,0,0,,YU,0"
"2021-09-14,13:27,Tuesday,VAUGHAN MC STATION,TUNOA,3,6,S,YU,5506"
"2021-09-14,13:31,Tuesday,VAUGHAN MC STATION,TUNOA,3,6,S,YU,6101"
"2021-09-14,13:39,Tuesday,VAUGHAN MC STATION,TUNOA,3,6,S,YU,5706"
"2021-09-14,14:17,Tuesday,QUEEN STATION,MUIRS,0,0,,YU,0"
"2021-09-14,14:48,Tuesday,ROSEDALE STATION,EUSC,0,0,N,YU,5661"
"2021-09-14,14:53,Tuesday,VAUGHAN MC STATION,MUTO,3,6,S,YU,5626"
"2021-09-14,14:57,Tuesday,VAUGHAN MC STATION,MUTO,3,6,S,YU,5741"
"2021-09-14,14:59,Tuesday,VAUGHAN MC STATION,TUNOA,3,6,S,YU,5846"
"2021-09-14,15:12,Tuesday,VAUGHAN MC STATION,MUATC,3,6,S,YU,5986"
"2021-09-14,15:28,Tuesday,VAUGHAN MC STATION,MUATC,3,6,N,YU,6131"
"2021-09-14,16:04,Tuesday,FINCH WEST STATION,EUDO,8,11,N,YU,5826"
"2021-09-14,16:36,Tuesday,VAUGHAN MC STATION,TUNOA,3,6,S,YU,5586"
"2021-09-14,16:44,Tuesday,UNION STATION,MUIR,10,13,S,YU,6016"
"2021-09-14,18:05,Tuesday,DUNDAS WEST STATION,SUDP,0,0,,BD,0"
"2021-09-14,18:13,Tuesday,BROADVIEW STATION,MUIS,0,0,W,BD,0"
"2021-09-14,18:52,Tuesday,OSGOODE STATION,MUIS,4,7,S,YU,6091"
"2021-09-14,19:28,Tuesday,YORK MILLS STATION,MUIS,0,0,N,YU,0"
"2021-09-14,20:20,Tuesday,YONGE BD STATION,PUMEL,0,0,,BD,0"
"2021-09-14,20:43,Tuesday,ST PATRICK STATION,MUPAA,0,0,S,YU,5481"
"2021-09-14,21:08,Tuesday,YORKDALE STATION,MUPAA,4,9,S,YU,6091"
"2021-09-14,21:12,Tuesday,OSGOODE STATION,MUTO,0,0,S,YU,5996"
"2021-09-14,21:49,Tuesday,ST GEORGE BD STATION,SUAP,0,0,W,BD,5242"
"2021-09-14,22:00,Tuesday,YONGE-UNIVERSITY AND B,MUO,0,0,,YU/BD,0"
"2021-09-14,22:11,Tuesday,VAUGHAN MC STATION,TUNOA,5,10,S,YU,6111"
"2021-09-14,22:32,Tuesday,LAWRENCE STATION,SUAE,19,24,S,YU,5881"
"2021-09-14,22:50,Tuesday,VAUGHAN MC STATION,TUNOA,5,10,S,YU,5626"
"2021-09-14,23:00,Tuesday,SPADINA TO KING STATIO,MUO,0,0,B,YU,0"
"2021-09-14,23:08,Tuesday,DAVISVILLE STATION,SUDP,0,0,,YU,0"
"2021-09-14,23:11,Tuesday,VAUGHAN MC STATION,TUNOA,5,10,S,YU,5906"
"2021-09-14,23:23,Tuesday,LAWRENCE STATION,SUDP,6,11,N,YU,5916"
"2021-09-14,00:45,Tuesday,PIONEER VILLAGE TO VAU,MUO,0,0,B,YU,0"
"2021-09-14,06:00,Tuesday,TORONTO TRANSIT COMMIS,MUO,0,0,,SHP,0"
"2021-09-14,06:00,Tuesday,TORONTO TRANSIT COMMIS,MUO,0,0,,SHP,0"
"2021-09-15,06:43,Wednesday,KENNEDY SRT STATION,MRTO,6,13,S,SRT,3001"
"2021-09-15,06:10,Wednesday,KIPLING STATION,PUSI,0,0,E,BD,5055"
"2021-09-15,06:45,Wednesday,VAUGHAN MC STATION,MUATC,4,7,S,YU,6101"
"2021-09-15,07:08,Wednesday,KIPLING STATION,PUSI,3,6,E,BD,5367"
"2021-09-15,07:27,Wednesday,ROSEDALE STATION,MUSC,0,0,N,YU,5961"
"2021-09-15,08:54,Wednesday,ROYAL YORK STATION,TUSC,0,0,E,BD,5304"
"2021-09-15,10:31,Wednesday,COLLEGE STATION,SUDP,3,6,S,YU,6076"
"2021-09-15,12:08,Wednesday,COXWELL STATION,EUPI,3,6,W,BD,5153"
"2021-09-15,12:42,Wednesday,COXWELL STATION,MUIR,5,8,W,BD,5092"
"2021-09-15,13:06,Wednesday,VAUGHAN MC STATION,TUNOA,3,6,S,YU,0"
"2021-09-15,13:20,Wednesday,ROSEDALE STATION,MUATC,4,7,S,YU,5626"
"2021-09-15,13:31,Wednesday,WELLESLEY STATION,SUAP,6,9,N,YU,5716"
"2021-09-15,13:32,Wednesday,VAUGHAN MC STATION,TUNOA,3,6,S,YU,0"
"2021-09-15,13:56,Wednesday,CHRISTIE STATION,TUOS,3,6,E,BD,5067"
"2021-09-15,13:56,Wednesday,ST CLAIR WEST STATION,SUDP,7,10,S,YU,5991"
"2021-09-15,14:01,Wednesday,BLOOR STATION,PUMEL,0,0,S,YU,0"
"2021-09-15,15:17,Wednesday,VAUGHAN MC STATION,MUDD,3,6,S,YU,5561"
"2021-09-15,15:19,Wednesday,DAVISVILLE STATION,TUSC,0,0,S,YU,5866"
"2021-09-15,16:54,Wednesday,ST GEORGE YUS STATION,EUBK,3,6,N,YU,5611"
"2021-09-15,17:23,Wednesday,VAUGHAN MC STATION,TUNOA,3,6,S,YU,0"
"2021-09-15,17:50,Wednesday,VAUGHAN MC STATION,TUNOA,3,6,S,YU,0"
"2021-09-15,17:54,Wednesday,ST GEORGE BD STATION,SUUT,5,8,E,BD,5282"
"2021-09-15,19:06,Wednesday,VAUGHAN MC STATION,TUNOA,3,6,S,YU,0"
"2021-09-15,19:19,Wednesday,COXWELL STATION,MUIR,0,0,W,BD,5099"
"2021-09-15,19:24,Wednesday,HIGH PARK STATION,MUO,0,0,,BD,0"
"2021-09-15,19:48,Wednesday,BLOOR STATION,MUIS,0,0,S,YU,5711"
"2021-09-15,22:00,Wednesday,YONGE-UNIVERSITY AND B,MUO,0,0,,YU/BD,0"
"2021-09-15,23:27,Wednesday,PAPE STATION,MUPAA,0,0,E,BD,5311"
"2021-09-15,01:05,Wednesday,PAPE STATION,MUIS,0,0,,BD,0"
"2021-09-15,05:24,Wednesday,SHEPPARD-YONGE STATION,MUSC,0,0,E,SHP,6146"
"2021-09-15,11:26,Wednesday,SHEPPARD-YONGE STATION,MUSC,8,13,E,SHP,6151"
"2021-09-15,17:21,Wednesday,DON MILLS STATION,PUMEL,0,0,,SHP,0"
"2021-09-15,19:46,Wednesday,BAYVIEW STATION,MUIS,0,0,,SHP,0"
"2021-09-16,05:19,Thursday,HIGH PARK STATION,TUCC,0,0,E,BD,83"
"2021-09-16,19:08,Thursday,KENNEDY SRT STATION,SRDP,4,9,N,SRT,3009"
"2021-09-16,05:28,Thursday,ST PATRICK STATION,MUNCA,0,0,,YU,0"
"2021-09-16,05:36,Thursday,FINCH STATION,MUSAN,4,8,S,YU,6126"
"2021-09-16,06:03,Thursday,VICTORIA PARK STATION,MUNCA,0,0,,BD,0"
"2021-09-16,07:49,Thursday,CASTLE FRANK STATION,EUNT,5,8,W,BD,5059"
"2021-09-16,08:17,Thursday,ROSEDALE STATION,EUBK,4,7,N,YU,5941"
"2021-09-16,08:29,Thursday,EGLINTON STATION,EUCD,4,7,N,YU,5941"
"2021-09-16,08:34,Thursday,OLD MILL STATION,SUDP,5,8,E,BD,5162"
"2021-09-16,08:53,Thursday,SUMMERHILL STATION,TUOS,3,6,S,YU,6096"
"2021-09-16,09:41,Thursday,FINCH STATION,MUIS,0,0,,YU,0"
"2021-09-16,09:44,Thursday,ROSEDALE STATION,EUSC,0,0,N,YU,5796"
"2021-09-16,10:27,Thursday,QUEEN STATION,PUMEL,0,0,,YU,0"
"2021-09-16,10:50,Thursday,ROSEDALE STATION,MUSC,0,0,N,YU,6091"
"2021-09-16,11:19,Thursday,VAUGHAN MC STATION,TUNOA,3,6,S,YU,0"
"2021-09-16,12:38,Thursday,CHRISTIE STATION,EUNT,5,8,E,BD,5131"
"2021-09-16,12:58,Thursday,VAUGHAN MC STATION,TUNOA,3,6,S,YU,0"
"2021-09-16,13:52,Thursday,KING STATION,PUMEL,0,0,,YU,0"
"2021-09-16,14:51,Thursday,ISLINGTON STATION,PUMEL,0,0,,BD,0"
"2021-09-16,15:11,Thursday,FINCH STATION,MUSC,0,0,S,YU,6086"
"2021-09-16,15:38,Thursday,SHEPPARD STATION,EUSC,0,0,N,YU,5566"
"2021-09-16,15:43,Thursday,BROADVIEW STATION,MUIRS,6,9,E,BD,5083"
"2021-09-16,15:48,Thursday,FINCH STATION,MUSC,0,0,S,YU,5401"
"2021-09-16,16:16,Thursday,ROSEDALE STATION,MUSC,0,0,N,YU,6096"
"2021-09-16,16:16,Thursday,KENNEDY BD STATION,MUSAN,3,6,W,BD,5094"
"2021-09-16,16:57,Thursday,GREENWOOD STATION,MUDD,3,6,W,BD,5252"
"2021-09-16,17:08,Thursday,WELLESLEY STATION,SUAP,0,0,,YU,0"
"2021-09-16,17:49,Thursday,VAUGHAN MC STATION,TUNOA,3,6,S,YU,5776"
"2021-09-16,17:56,Thursday,VAUGHAN MC STATION,TUNOA,3,6,S,YU,6006"
"2021-09-16,18:18,Thursday,NORTH YORK CTR STATION,MUTO,0,0,S,YU,5676"
"2021-09-16,18:38,Thursday,VAUGHAN MC STATION,TUNOA,3,6,S,YU,5886"
"2021-09-16,18:41,Thursday,VAUGHAN MC STATION,TUNOA,3,6,S,YU,5916"
"2021-09-16,18:43,Thursday,BROADVIEW STATION,MUPAA,3,6,W,BD,5045"
"2021-09-16,18:47,Thursday,ST GEORGE YUS STATION,SUUT,0,0,S,YU,5571"
"2021-09-16,18:50,Thursday,DUNDAS STATION,SUAP,0,0,S,YU,0"
"2021-09-16,20:16,Thursday,DUNDAS WEST STATION,MUI,5,11,W,BD,5055"
"2021-09-16,20:54,Thursday,SPADINA BD STATION,MUIRS,0,0,E,BD,5174"
"2021-09-16,21:14,Thursday,YORK MILLS STATION,TUSC,0,0,S,YU,5951"
"2021-09-16,21:47,Thursday,VAUGHAN MC STATION,TUNOA,5,10,S,YU,5596"
"2021-09-16,21:54,Thursday,KIPLING STATION,SUDP,8,14,E,BD,5060"
"2021-09-16,21:55,Thursday,WARDEN STATION,EULV,7,13,W,BD,5367"
"2021-09-16,22:00,Thursday,YONGE-UNIVERSITY AND B,MUO,0,0,B,YU,0"
"2021-09-16,22:32,Thursday,ST GEORGE BD STATION,SUO,0,0,,BD,0"
"2021-09-16,22:57,Thursday,VAUGHAN MC STATION,MUSAN,5,10,S,YU,6106"
"2021-09-16,23:00,Thursday,SPADINA STATION TO KIN,MUO,0,0,,YU,0"
"2021-09-16,23:12,Thursday,SUMMERHILL STATION,SUAE,0,0,S,YU,6036"
"2021-09-16,23:36,Thursday,VAUGHAN MC STATION,TUNOA,5,10,S,YU,5866"
"2021-09-16,23:41,Thursday,VAUGHAN MC STATION,TUNOA,5,10,S,YU,5726"
"2021-09-16,23:58,Thursday,BLOOR STATION,SUDP,0,0,S,YU,5791"
"2021-09-16,00:00,Thursday,PIONEER VILLAGE STATIO,MUO,0,0,,YU,0"
"2021-09-16,00:27,Thursday,PIONEER VILLAGE STATIO,MUATC,3,8,S,YU,5571"
"2021-09-16,01:14,Thursday,SPADINA YUS STATION,PUTWZ,9,14,N,YU,6096"
"2021-09-16,12:31,Thursday,DON MILLS STATION,PUSO,5,10,W,SHP,6176"
"2021-09-16,17:10,Thursday,SHEPPARD-YONGE STATION,TUSC,0,0,E,SHP,0"
"2021-09-16,19:33,Thursday,SHEPPARD-YONGE STATION,SUDP,0,0,E,SHP,6196"
"2021-09-16,19:37,Thursday,DON MILLS STATION,MUTO,5,10,W,SHP,6176"
"2021-09-16,19:49,Thursday,BAYVIEW STATION,TUMVS,3,8,W,SHP,6176"
"2021-09-17,02:07,Friday,ROSEDALE STATION,SUUT,0,0,S,YU,0"
"2021-09-17,04:41,Friday,STC TO MCCOWAN STATION,SRUT,0,0,,SRT,0"
"2021-09-17,05:46,Friday,HIGHWAY 407 STATION,MUIE,0,0,,YU,0"
"2021-09-17,10:36,Friday,KENNEDY SRT STATION,SRDP,0,0,N,SRT,3023"
"2021-09-17,07:44,Friday,KENNEDY BD STATION,MUTO,3,6,W,BD,5166"
"2021-09-17,15:31,Friday,MCCOWAN STATION,PREL,0,0,,SRT,0"
"2021-09-17,07:55,Friday,VAUGHAN MC STATION,MUTO,3,6,N,YU,5981"
"2021-09-17,09:17,Friday,VICTORIA PARK STATION,MUIS,0,0,,BD,0"
"2021-09-17,09:54,Friday,VAUGHAN MC STATION,MUTO,3,6,S,YU,5711"
"2021-09-17,13:09,Friday,OSSINGTON STATION,MUPAA,0,0,E,BD,5242"
"2021-09-17,14:13,Friday,WILSON STATION,TUNOA,0,0,S,YU,0"
"2021-09-17,14:13,Friday,BLOOR STATION,MUATC,5,8,S,YU,5711"
"2021-09-17,14:22,Friday,VAUGHAN MC STATION,TUNOA,3,6,S,YU,5406"
"2021-09-17,14:37,Friday,FINCH WEST STATION,MUPAA,0,0,N,YU,6026"
"2021-09-17,15:22,Friday,COLLEGE STATION,MUIRS,0,0,,YU,0"
"2021-09-17,15:25,Friday,YONGE BD STATION,PUMST,0,0,N,YU,0"
"2021-09-17,16:40,Friday,ST CLAIR WEST STATION,SUUT,0,0,S,YU,5891"
"2021-09-17,16:56,Friday,VAUGHAN MC STATION,TUNOA,3,6,S,YU,6116"
"2021-09-17,17:20,Friday,ST GEORGE BD STATION,PUMEL,0,0,,BD,0"
"2021-09-17,17:24,Friday,VAUGHAN MC STATION,TUNOA,3,6,S,YU,5786"
"2021-09-17,17:56,Friday,VAUGHAN MC STATION,TUNOA,3,6,S,YU,6046"
"2021-09-17,17:57,Friday,FINCH STATION,MUIR,0,0,S,YU,6131"
"2021-09-17,18:01,Friday,EGLINTON STATION,MUNCA,0,0,,YU,0"
"2021-09-17,18:31,Friday,ST ANDREW STATION,SUDP,0,0,N,YU,6131"
"2021-09-17,19:52,Friday,ROSEDALE STATION,SUDP,3,6,N,YU,5976"
"2021-09-17,19:59,Friday,KENNEDY BD STATION,MUIRS,0,0,,BD,0"
"2021-09-17,20:13,Friday,YORKDALE STATION,MUIS,0,0,,YU,0"
"2021-09-17,20:41,Friday,WOODBINE STATION,MUIS,0,0,E,BD,5013"
"2021-09-17,21:05,Friday,BATHURST STATION,MUIRS,0,0,E,BD,0"
"2021-09-17,21:18,Friday,COXWELL STATION,MUIS,0,0,,BD,0"
"2021-09-17,21:39,Friday,EGLINTON STATION,MUNCA,0,0,,YU,0"
"2021-09-17,21:40,Friday,VAUGHAN MC STATION,TUNOA,5,6,S,YU,5646"
"2021-09-17,22:00,Friday,YONGE-UNIVERSITY AND B,MUO,0,0,,YU/BD,0"
"2021-09-17,22:39,Friday,VAUGHAN MC STATION,TUNOA,5,10,B,YU,0"
"2021-09-17,22:39,Friday,DAVISVILLE STATION,EUSC,0,0,N,YU,5976"
"2021-09-17,22:56,Friday,DUNDAS WEST STATION,SUAP,89,95,W,BD,5168"
"2021-09-17,23:01,Friday,VAUGHAN MC STATION,TUNOA,5,10,S,YU,5556"
"2021-09-17,23:11,Friday,VAUGHAN MC STATION,TUNOA,5,10,S,YU,5716"
"2021-09-17,23:41,Friday,VAUGHAN MC STATION,TUNOA,5,10,S,YU,5526"
"2021-09-17,23:48,Friday,MAIN STREET STATION,SUO,0,0,,BD,0"
"2021-09-17,23:56,Friday,VAUGHAN MC STATION,TUNOA,5,10,S,YU,5606"
"2021-09-17,00:17,Friday,OSSIGNTON STATION,MUIS,0,0,,BD,0"
"2021-09-17,01:39,Friday,ST PATRICK STATION,MUSAN,5,10,N,YU,5721"
"2021-09-17,01:59,Friday,ST CLAIR WEST STATION,SUAE,0,0,,YU,0"
"2021-09-17,02:28,Friday,SHEPPARD-YONGE STATION,MUIS,0,0,,SHP,0"
"2021-09-17,02:38,Friday,SHEPPARD-YONGE STATION,TUMVS,0,0,W,SHP,6191"
"2021-09-17,16:04,Friday,SHEPPARD-YONGE STATION,EUO,5,10,E,SHP,6181"
"2021-09-17,19:39,Friday,DON MILLS STATION,MUO,5,10,W,SHP,6151"
"2021-09-18,02:03,Saturday,BROADVIEW STATION,MUIRS,0,0,E,BD,0"
"2021-09-18,05:00,Saturday,KIPLING TO JANE STATIO,MUO,0,0,,BD,0"
"2021-09-18,06:00,Saturday,KIPLING STATION TO JAN,MUO,0,0,,BD,0"
"2021-09-18,06:30,Saturday,SPADINA BD STATION,MUPAA,0,0,W,BD,5037"
"2021-09-18,09:14,Saturday,CHESTER STATION,MUSAN,0,0,W,BD,5123"
"2021-09-18,09:58,Saturday,WELLESLEY STATION,SUUT,0,0,S,YU,0"
"2021-09-18,10:25,Saturday,MUSEUM STATION,MUPAA,0,0,N,YU,5961"
"2021-09-18,10:39,Saturday,VAUGHAN MC STATION,EUBO,4,8,S,YU,5641"
"2021-09-18,10:56,Saturday,FINCH STATION,MUSC,0,0,S,YU,5721"
"2021-09-18,12:33,Saturday,ROSEDALE STATION,SUDP,8,11,N,YU,6046"
"2021-09-18,13:00,Saturday,VAUGHAN MC STATION,MUPAA,0,0,S,YU,5456"
"2021-09-18,13:28,Saturday,YORK MILLS STATION,TUSC,0,0,S,YU,5981"
"2021-09-18,13:28,Saturday,BLOOR STATION,MUIS,0,0,,YU,0"
"2021-09-18,13:30,Saturday,LAWRENCE STATION,MUSC,0,0,N,YU,5846"
"2021-09-18,14:20,Saturday,FINCH STATION,TUNIP,4,8,S,YU,5421"
"2021-09-18,16:33,Saturday,UNION STATION,SUDP,3,7,N,YU,5886"
"2021-09-18,16:58,Saturday,WILSON STATION,MUATC,4,8,S,YU,5776"
"2021-09-18,17:22,Saturday,PAPE STATION,MUPAA,0,0,W,BD,5089"
"2021-09-18,17:46,Saturday,ST CLAIR WEST STATION,SUDP,0,0,,YU,0"
"2021-09-18,18:00,Saturday,VAUGHAN MC STATION,TUNOA,5,10,S,YU,6136"
"2021-09-18,18:03,Saturday,FINCH STATION,TUNOA,4,8,S,YU,5431"
"2021-09-18,18:13,Saturday,DUNDAS WEST STATION,MUIR,0,0,E,BD,5203"
"2021-09-18,18:15,Saturday,VAUGHAN MC STATION,TUNOA,5,10,S,YU,6136"
"2021-09-18,18:46,Saturday,YORK MILLS STATION,MUIR,0,0,S,YU,5721"
"2021-09-18,19:25,Saturday,DUNDAS WEST STATION,MUIS,0,0,,BD,0"
"2021-09-18,19:38,Saturday,DUNDAS STATION,MUPAA,0,0,N,YU,5766"
"2021-09-18,20:59,Saturday,ST GEORGE YUS STATION,SUDP,0,0,N,YU,5611"
"2021-09-18,21:04,Saturday,PIONEER VILLAGE STATIO,MUPAA,0,0,N,YU,5971"
"2021-09-18,21:12,Saturday,COLLEGE STATION,MUIRS,0,0,,YU,0"
"2021-09-18,21:21,Saturday,YONGE BD STATION,SUDP,9,16,E,BD,5238"
"2021-09-18,21:22,Saturday,SPADINA BD STATION,SUAP,10,15,,BD,4570"
"2021-09-18,21:40,Saturday,OLD MILL STATION,MUIE,0,0,,BD,0"
"2021-09-18,22:00,Saturday,YONGE-UNIVERSITY AND B,MUO,0,0,,YU/BD,0"
"2021-09-18,22:18,Saturday,WELLESLEY STATION,MUIS,0,0,N,YU,0"
"2021-09-18,23:42,Saturday,KING STATION,SUDP,0,0,N,YU,5781"
"2021-09-18,00:19,Saturday,BLOOR STATION,MUIR,0,0,S,YU,5746"
"2021-09-18,00:41,Saturday,EGLINTON STATION,MUPAA,0,0,S,YU,5811"
"2021-09-18,01:22,Saturday,KENNEDY BD STATION,MUTO,3,7,W,BD,5033"
"2021-09-18,02:36,Saturday,BAYVIEW STATION,SUO,0,0,,SHP,0"
"2021-09-18,01:07,Saturday,BAYVIEW STATION,MUI,7,12,W,SHP,6151"
"2021-09-18,01:21,Saturday,BAYVIEW STATION,PUOPO,8,13,E,SHP,6166"
"2021-09-19,00:30,Sunday,SCARBOROUGH CTR STATIO,MRUI,0,0,,SRT,0"
"2021-09-19,02:12,Sunday,VAUGHAN MC STATION,MUIS,0,0,,YU,0"
"2021-09-19,02:14,Sunday,JANE STATION,SUDP,4,0,W,BD,5136"
"2021-09-19,02:28,Sunday,KENNEDY BD STATION,MUIS,0,0,,BD,0"
"2021-09-19,07:40,Sunday,WILSON TO LAWRENCE WES,PUSCA,47,59,S,YU,6011"
"2021-09-19,07:42,Sunday,WILSON STATION,PUSCA,5,0,S,YU,5891"
"2021-09-19,08:00,Sunday,KIPLING TO JANE STATIO,MUO,0,0,,BD,0"
"2021-09-19,08:00,Sunday,BLOOR DANFORTH SUBWAY,MUO,0,0,,BD,0"
"2021-09-19,08:06,Sunday,SHEPPARD WEST STATION,PUSCA,24,30,N,YU,5486"
"2021-09-19,08:17,Sunday,EGLINTON STATION,MUNOA,6,11,N,YU,5676"
"2021-09-19,08:21,Sunday,OSSINGTON STATION,SUDP,0,0,,BD,0"
"2021-09-19,08:41,Sunday,VAUGHAN MC STATION,PUOPO,3,9,S,YU,6026"
"2021-09-19,08:55,Sunday,ST GEORGE YUS STATION,TUSUP,13,19,N,YU,6041"
"2021-09-19,09:51,Sunday,VAUGHAN MC STATION,TUO,6,12,S,YU,5431"
"2021-09-19,09:57,Sunday,PIONEER VILLAGE STATIO,PUOPO,5,11,S,YU,5966"
"2021-09-19,10:08,Sunday,PIONEER VILLAGE STATIO,PUOPO,5,11,S,YU,5431"
"2021-09-19,10:20,Sunday,YORK UNIVERSITY STATIO,PUOPO,0,0,S,YU,5676"
"2021-09-19,10:22,Sunday,FINCH STATION,SUAP,0,0,,YU,0"
"2021-09-19,10:26,Sunday,WOODBINE STATION,MUPAA,0,0,E,BD,5099"
"2021-09-19,10:45,Sunday,ROSEDALE STATION,MUSC,0,0,N,YU,5646"
"2021-09-19,11:16,Sunday,SPADINA YUS STATION,MUIS,0,0,,YU,0"
"2021-09-19,12:19,Sunday,DOWNSVIEW PARK STATION,PUOPO,5,10,N,YU,5961"
"2021-09-19,12:27,Sunday,DOWNSVIEW PARK STATION,PUOPO,0,0,N,YU,5456"
"2021-09-19,12:51,Sunday,KENNEDY BD STATION,MUIS,0,0,E,BD,0"
"2021-09-19,12:55,Sunday,HIGHWAY 407 STATION,PUOPO,0,0,S,YU,5676"
"2021-09-19,12:58,Sunday,VAUGHAN MC STATION,PUOPO,0,0,S,YU,5396"
"2021-09-19,13:00,Sunday,WELLESLEY STATION,SUAE,0,0,N,YU,0"
"2021-09-19,13:12,Sunday,SHERBOURNE STATION,EUDO,10,15,W,BD,5228"
"2021-09-19,13:21,Sunday,COLLEGE STATION,MUIRS,0,0,,YU,0"
"2021-09-19,13:36,Sunday,KENNEDY BD STATION,TUMVS,0,0,E,BD,5007"
"2021-09-19,13:37,Sunday,LAWRENCE STATION,MUSC,0,0,N,YU,5451"
"2021-09-19,13:39,Sunday,EGLINTON WEST STATION,PUOPO,0,0,S,YU,5926"
"2021-09-19,15:30,Sunday,OSSINGTON STATION,MUPAA,0,0,E,BD,5152"
"2021-09-19,15:32,Sunday,LAWRENCE WEST STATION,PUOPO,0,0,N,YU,5896"
"2021-09-19,15:38,Sunday,WOODBINE STATION,MUIRS,0,0,W,BD,0"
"2021-09-19,15:43,Sunday,YORK MILLS STATION,TUSC,0,0,S,YU,6086"
"2021-09-19,16:37,Sunday,FINCH STATION,TUNOA,5,10,S,YU,5811"
"2021-09-19,17:04,Sunday,FINCH STATION,TUNOA,5,10,S,YU,6136"
"2021-09-19,17:30,Sunday,PIONEER VILLAGE STATIO,PUOPO,4,9,N,YU,5811"
"2021-09-19,17:38,Sunday,PIONEER VILLAGE STATIO,PUOPO,0,0,N,YU,6041"
"2021-09-19,17:41,Sunday,PIONEER VILLAGE STATIO,PUOPO,0,0,N,YU,5456"
"2021-09-19,17:46,Sunday,ST PATRICK STATION,MUPAA,0,0,S,YU,5881"
"2021-09-19,17:46,Sunday,DOWNSVIEW PARK STATION,PUOPO,7,12,S,YU,5431"
"2021-09-19,18:03,Sunday,CHESTER STATION,MUPAA,0,0,W,BD,5045"
"2021-09-19,18:09,Sunday,CHESTER STATION,EUME,5,10,E,BD,5072"
"2021-09-19,18:12,Sunday,ST PATRICK STATION,EUDO,4,9,N,YU,6051"
"2021-09-19,19:04,Sunday,HIGHWAY 407 STATION,PUOPO,6,11,N,YU,5426"
"2021-09-19,19:36,Sunday,ST CLAIR STATION,EUSC,0,0,S,YU,5456"
"2021-09-19,19:41,Sunday,FINCH WEST STATION,PUOPO,0,0,N,YU,5886"
"2021-09-19,19:54,Sunday,YORKDALE STATION,PUOPO,4,11,S,YU,5706"
"2021-09-19,20:40,Sunday,WOODBINE STATION,SUDP,5,10,E,BD,5079"
"2021-09-19,20:56,Sunday,BROADVIEW STATION,MUPAA,3,8,W,BD,5164"
"2021-09-19,20:59,Sunday,VAUGHAN MC STATION,PUOPO,3,10,S,YU,5676"
"2021-09-19,21:15,Sunday,PAPE STATION,MUPAA,5,10,E,BD,5192"
"2021-09-19,21:24,Sunday,YORKDALE STATION,PUOPO,0,0,S,YU,5926"
"2021-09-19,21:38,Sunday,DOWNSVIEW PARK STATION,PUOPO,7,14,N,YU,5546"
"2021-09-19,21:48,Sunday,FINCH WEST STATION,PUOPO,0,0,N,YU,5546"
"2021-09-19,21:53,Sunday,YORK UNIVERSITY STATIO,PUOPO,5,12,N,YU,5546"
"2021-09-19,22:00,Sunday,YONGE-UNIVERSITY AND B,MUO,0,0,,YU/BD,0"
"2021-09-19,22:30,Sunday,VAUGHAN MC STATION,MUATC,10,17,S,YU,5881"
"2021-09-19,22:33,Sunday,DOWNSVIEW PARK STATION,MUATC,11,18,N,YU,6121"
"2021-09-19,23:00,Sunday,DUNDAS WEST STATION,MUIS,0,0,W,BD,0"
"2021-09-19,23:02,Sunday,PIONEER VILLAGE STATIO,PUOPO,3,10,S,YU,6126"
"2021-09-19,23:11,Sunday,PIONEER VILLAGE STATIO,PUOPO,0,0,S,YU,6046"
"2021-09-19,23:32,Sunday,YORK UNIVERSITY STATIO,PUOPO,6,13,S,YU,5406"
"2021-09-19,23:40,Sunday,WELLESLEY STATION,MUIR,6,13,S,YU,5701"
"2021-09-19,23:42,Sunday,YORK UNIVERSITY STATIO,PUOPO,3,10,S,YU,5676"
"2021-09-19,23:48,Sunday,YORK UNIVERSITY STATIO,PUOPO,3,10,S,YU,5926"
"2021-09-19,00:00,Sunday,KEELE STATION,MUIS,0,0,,BD,0"
"2021-09-19,00:25,Sunday,ST GEORGE YUS STATION,PUOPO,0,0,N,YU,5886"
"2021-09-19,00:28,Sunday,SPADINA YUS STATION,PUOPO,3,10,N,YU,5886"
"2021-09-19,00:34,Sunday,DUPONT STATION,PUOPO,8,15,N,YU,5886"
"2021-09-19,01:30,Sunday,NORTH YORK CTR STATION,MUPAA,0,0,N,YU,6026"
"2021-09-19,01:45,Sunday,DAVISVILLE STATION,MUIRS,0,0,,YU,0"
"2021-09-19,01:54,Sunday,DAVISVILLE STATION,PUSTS,0,0,S,YU,6021"
"2021-09-19,11:49,Sunday,DON MILLS STATION,MUSC,0,0,E,SHP,6166"
"2021-09-19,12:05,Sunday,SHEPPARD-YONGE STATION,MUSC,0,0,E,SHP,6166"
"2021-09-19,12:13,Sunday,BAYVIEW STATION,PUOPO,5,10,E,SHP,6166"
"2021-09-19,13:17,Sunday,DON MILLS STATION,TUMVS,0,0,E,SHP,6181"
"2021-09-20,04:44,Monday,GREENWOOD CARHOUSE,MUO,0,0,,BD,0"
"2021-09-20,10:49,Monday,MCCOWAN STATION,PRSA,3,8,S,SRT,3012"
"2021-09-20,12:47,Monday,KENNEDY SRT STATION,ERTC,51,56,S,SRT,3004"
"2021-09-20,05:40,Monday,KIPLING STATION TO JAN,PUTWZ,30,0,E,BD,5079"
"2021-09-20,20:31,Monday,MCCOWAN STATION,MRTO,12,17,S,SRT,3012"
"2021-09-20,05:58,Monday,VAUGHAN MC STATION,MUCL,3,6,S,YU,0"
"2021-09-20,06:43,Monday,VICTORIA PARK STATION,SUDP,0,0,E,BD,5348"
"2021-09-20,06:50,Monday,GLENCAIRN STATION,EUDO,0,0,N,YU,6051"
"2021-09-20,11:36,Monday,BROADVIEW STATION,SUUT,32,37,E,BD,5348"
"2021-09-20,11:49,Monday,FINCH STATION,MUTO,3,6,S,YU,5581"
"2021-09-20,12:10,Monday,FINCH STATION,MUTO,3,6,S,YU,5721"
"2021-09-20,12:27,Monday,CASTLE FRANK STATION,SUDP,6,9,W,BD,5230"
"2021-09-20,13:32,Monday,KIPLING STATION,MUIS,0,0,,BD,0"
"2021-09-20,13:50,Monday,KENNEDY BD STATION,EUTR,3,6,E,BD,5255"
"2021-09-20,14:50,Monday,ROYAL YORK STATION,SUPOL,0,0,E,BD,5250"
"2021-09-20,17:14,Monday,SHEPPARD WEST STATION,MUATC,0,0,N,YU,6101"
"2021-09-20,17:25,Monday,KENNEDY BD STATION,MUO,3,6,W,BD,5264"
"2021-09-20,17:36,Monday,OSSINGTON STATION,PUMEL,0,0,,BD,0"
"2021-09-20,17:49,Monday,VAUGHAN MC STATION,TUNOA,4,8,S,YU,0"
"2021-09-20,17:51,Monday,ISLINGTON STATION,MUNCA,0,0,,BD,0"
"2021-09-20,18:45,Monday,VAUGHAN MC STATION,TUNOA,4,8,S,YU,0"
"2021-09-20,19:06,Monday,VAUGHAN MC STATION,TUNOA,4,8,S,YU,0"
"2021-09-20,19:27,Monday,VAUGHAN MC STATION,MUSAN,3,6,S,YU,5821"
"2021-09-20,20:21,Monday,NORTH YORK CTR STATION,TUSC,0,0,S,YU,5771"
"2021-09-20,20:45,Monday,UNION TO ST ANDREW,SUDP,0,0,N,YU,5721"
"2021-09-20,21:24,Monday,SHEPPARD WEST STATION,MUIS,0,0,,YU,0"
"2021-09-20,21:35,Monday,WELLESLEY STATION,MUIRS,0,0,,YU,0"
"2021-09-20,21:50,Monday,VAUGHAN MC STATION,TUNOA,5,10,S,YU,0"
"2021-09-20,22:00,Monday,YONGE-UNIVERSITY AND B,MUO,0,0,,YU/BD,0"
"2021-09-20,22:11,Monday,VAUGHAN MC STATION,TUNOA,5,10,S,YU,0"
"2021-09-20,22:51,Monday,SPADINA YUS STATION,SUDP,0,0,N,YU,5976"
"2021-09-20,22:52,Monday,SPADINA BD STATION,SUDP,0,0,E,BD,5094"
"2021-09-20,23:00,Monday,KING TO EGLINTON STATI,MUO,0,0,B,YUS,0"
"2021-09-20,23:26,Monday,DUNDAS WEST STATION,SUAP,0,0,,BD,0"
"2021-09-20,23:34,Monday,DUNDAS STATION,MUIRS,0,0,N,YU,0"
"2021-09-20,23:36,Monday,VAUGHAN MC STATION,TUNOA,5,10,S,YU,0"
"2021-09-20,00:00,Monday,PIONEER VILLAGE TO VAU,MUO,0,0,B,YU,0"
"2021-09-20,01:21,Monday,SHEPPARD WEST STATION,TUCC,6,13,S,YU,6026"
"2021-09-20,01:29,Monday,FINCH STATION,SUAE,0,0,S,YU,5481"
"2021-09-20,12:18,Monday,SHEPPARD-YONGE STATION,TUSC,0,0,E,SHP,6196"
"2021-09-20,16:34,Monday,DON MILLS STATION,TUMVS,0,0,E,SHP,6156"
"2021-09-21,06:32,Tuesday,DUNDAS WEST STATION,SUDP,0,0,,BD,0"
"2021-09-21,20:55,Tuesday,LAWRENCE EAST STATION,SRDP,0,0,,SRT,0"
"2021-09-21,06:57,Tuesday,FINCH STATION,EUBK,3,6,S,YU,5941"
"2021-09-21,07:08,Tuesday,MAIN STREET STATION,EUPI,3,6,W,BD,5228"
"2021-09-21,07:34,Tuesday,CHRISTIE STATION,TUMVS,0,0,E,BD,5023"
"2021-09-21,07:54,Tuesday,EGLINTON STATION,PUSI,0,0,S,YU,5846"
"2021-09-21,08:51,Tuesday,LAWRENCE STATION,MUPAA,3,6,S,YU,5591"
"2021-09-21,09:08,Tuesday,MAIN STREET STATION,SUDP,4,7,W,BD,5136"
"2021-09-21,10:09,Tuesday,DUNDAS STATION,MUO,4,7,S,YU,5671"
"2021-09-21,10:19,Tuesday,BLOOR STATION,MUIS,0,0,S,YU,0"
"2021-09-21,10:25,Tuesday,YONGE BD STATION,MUIRS,0,0,,BD,0"
"2021-09-21,10:42,Tuesday,LAWRENCE STATION,PUSTS,9,12,N,YU,5766"
"2021-09-21,11:48,Tuesday,DUNDAS STATION,MUPAA,0,0,S,YU,6021"
"2021-09-21,12:16,Tuesday,VAUGHAN MC STATION,TUNOA,3,6,S,YU,0"
"2021-09-21,12:20,Tuesday,FINCH STATION,EUCD,3,6,S,YU,5941"
"2021-09-21,13:08,Tuesday,EGLINTON STATION,MUSAN,3,6,N,YU,5961"
"2021-09-21,13:26,Tuesday,PAPE STATION,TUNOA,3,6,E,BD,5299"
"2021-09-21,13:30,Tuesday,VAUGHAN MC STATION,TUNOA,3,6,S,YU,0"
"2021-09-21,14:10,Tuesday,VAUGHAN MC STATION,TUNOA,3,6,S,YU,0"
"2021-09-21,15:29,Tuesday,VAUGHAN MC STATION,TUNOA,3,6,S,YU,0"
"2021-09-21,16:15,Tuesday,OLD MILL STATION,SUDP,11,15,W,BD,5172"
"2021-09-21,16:43,Tuesday,CASTLE FRANK STATION,SUAP,9,13,W,BD,5068"
"2021-09-21,16:46,Tuesday,KIPLING STATION,TUMVS,0,0,W,BD,5013"
"2021-09-21,17:08,Tuesday,ROSEDALE STATION,MUIS,0,0,,YU,0"
"2021-09-21,18:02,Tuesday,PAPE STATION,TUO,3,6,E,BD,5068"
"2021-09-21,18:10,Tuesday,YONGE BD STATION,MUIS,0,0,E,BD,0"
"2021-09-21,18:31,Tuesday,VAUGHAN MC STATION,TUNOA,3,6,S,YU,0"
"2021-09-21,19:03,Tuesday,DUFFERIN STATION,MUNCA,0,0,,BD,0"
"2021-09-21,19:11,Tuesday,SHEPPARD STATION,MUIS,0,0,N,YU,0"
"2021-09-21,19:22,Tuesday,KENNEDY BD STATION,MUIRS,0,0,,BD,0"
"2021-09-21,20:00,Tuesday,YONGE BD STATION,SUDP,3,9,E,BD,5152"
"2021-09-21,21:25,Tuesday,EGLINTON STATION,MUIRS,0,0,,YU,0"
"2021-09-21,21:30,Tuesday,DAVISVILLE STATION,SUDP,5,8,N,YU,5656"
"2021-09-21,21:32,Tuesday,EGLINTON WEST STATION,MUIR,5,10,N,YU,6036"
"2021-09-21,21:39,Tuesday,COXWELL STATION,MUPAA,0,0,E,BD,5055"
"2021-09-21,21:56,Tuesday,FINCH STATION,MUIR,5,10,S,YU,5651"
"2021-09-21,22:00,Tuesday,YONGE-UNIVERSITY AND B,MUO,0,0,,YU/BD,0"
"2021-09-21,22:34,Tuesday,BLOOR STATION,SUDP,3,8,S,YU,6021"
"2021-09-21,22:48,Tuesday,SHEPPARD STATION,SUDP,0,0,S,YU,6521"
"2021-09-21,22:54,Tuesday,EGLINTON WEST STATION,SUDP,3,8,N,YU,5566"
"2021-09-21,23:00,Tuesday,KING TO EGLINTON STATI,MUO,0,0,B,YUS,0"
"2021-09-21,23:11,Tuesday,VAUGHAN MC STATION,TUNOA,5,10,S,YU,0"
"2021-09-21,00:00,Tuesday,PIONEER VILLAGE TO VAU,MUO,0,0,N,YU,0"
"2021-09-21,00:39,Tuesday,DUNDAS WEST STATION,SUDP,17,23,E,BD,5271"
"2021-09-21,01:37,Tuesday,KIPLING STATION,MUI,0,0,E,BD,5356"
"2021-09-21,10:49,Tuesday,SHEPPARD-YONGE STATION,PUCSC,0,0,,SHP,6191"
"2021-09-21,12:07,Tuesday,DON MILLS STATION,MUSAN,5,10,W,SHP,6191"
"2021-09-21,20:04,Tuesday,DON MILLS STATION,MUTO,3,8,W,SHP,6161"
"2021-09-22,04:52,Wednesday,GREENWOOD STATION,PUTOE,0,0,W,BD,73"
"2021-09-22,06:08,Wednesday,MIDLAND STATION,ERDO,3,0,N,SRT,3015"
"2021-09-22,15:18,Wednesday,LAWRENCE EAST STATION,ERCD,3,8,N,SRT,3015"
"2021-09-22,06:02,Wednesday,SHEPPARD WYE,PUSTS,0,0,S,YU,85"
"2021-09-22,06:45,Wednesday,LANSDOWNE STATION,SUDP,3,8,W,BD,5266"
"2021-09-22,22:44,Wednesday,LAWRENCE EAST STATION,MRO,0,0,,SRT,0"
"2021-09-22,07:08,Wednesday,EGLINTON STATION,MUIS,0,0,N,YU,0"
"2021-09-22,08:26,Wednesday,ST GEORGE BD STATION,SUUT,7,10,W,BD,5248"
"2021-09-22,08:29,Wednesday,EGLINTON STATION,MUPLB,8,11,N,YU,5636"
"2021-09-22,09:14,Wednesday,VAUGHAN MC STATION,MUNOA,3,6,S,YU,5426"
"2021-09-22,09:45,Wednesday,WARDEN STATION,MUD,6,9,W,BD,5266"
"2021-09-22,09:50,Wednesday,HIGH PARK STATION,MUSC,0,0,W,BD,5127"
"2021-09-22,10:01,Wednesday,ROSEDALE STATION,SUDP,0,0,S,YU,5381"
"2021-09-22,11:06,Wednesday,SPADINA BD STATION,SUEAS,9,12,E,BD,5304"
"2021-09-22,11:12,Wednesday,SPADINA YUS STATION,SUO,0,0,N,YU,5956"
"2021-09-22,12:02,Wednesday,WELLESLEY STATION,SUUT,9,12,N,YU,5976"
"2021-09-22,12:04,Wednesday,WARDEN STATION,PUSWZ,4,7,E,BD,5252"
"2021-09-22,13:46,Wednesday,OLD MILL STATION,EUNT,3,6,E,BD,5094"
"2021-09-22,15:33,Wednesday,VAUGHAN MC STATION,MUATC,3,6,S,YU,5106"
"2021-09-22,15:46,Wednesday,YONGE BD STATION,PUMEL,0,0,S,BD,0"
"2021-09-22,16:54,Wednesday,SHEPPARD STATION,MUSC,5,8,S,YU,6111"
"2021-09-22,17:04,Wednesday,UNION STATION,SUAE,0,0,,YU,0"
"2021-09-22,17:22,Wednesday,WARDEN STATION,SUAP,6,9,W,BD,5115"
"2021-09-22,17:22,Wednesday,WARDEN STATION,EUME,9,12,E,BD,5121"
"2021-09-22,17:49,Wednesday,VAUGHAN MC STATION,TUNOA,3,6,S,YU,5426"
"2021-09-22,18:28,Wednesday,ISLINGTON STATION,PUTO,3,6,E,BD,5110"
"2021-09-22,18:45,Wednesday,VAUGHAN MC STATION,TUNOA,3,6,S,YU,5766"
"2021-09-22,18:59,Wednesday,SHERBOURNE STATION,SUDP,0,0,E,BD,5233"
"2021-09-22,19:06,Wednesday,VAUGHAN MC STATION,TUNOA,3,6,S,YU,5396"
"2021-09-22,19:34,Wednesday,SHEPPARD STATION,MUIS,0,0,,YU,0"
"2021-09-22,19:34,Wednesday,BATHURST STATION,MUIS,0,0,,BD,0"
"2021-09-22,19:44,Wednesday,BATHURST STATION,SUO,0,0,,BD,0"
"2021-09-22,20:25,Wednesday,ROSEDALE STATION,SUDP,3,7,N,YU,5711"
"2021-09-22,20:39,Wednesday,KIPLING STATION,MUIS,0,0,,BD,0"
"2021-09-22,20:50,Wednesday,SPADINA YUS STATION,MUIS,0,0,S,YU,6056"
"2021-09-22,21:50,Wednesday,VAUGHAN MC STATION,TUNOA,5,10,S,YU,5981"
"2021-09-22,22:00,Wednesday,YONGE-UNIVERSITY AND B,MUO,0,0,,YU / BD,0"
"2021-09-22,22:09,Wednesday,ST GEORGE BD STATION,MUIRS,3,9,E,BD,5086"
"2021-09-22,22:11,Wednesday,VAUGHAN MC STATION,TUNOA,5,10,S,YU,5816"
"2021-09-22,22:21,Wednesday,MAIN STREET STATION,SUDP,0,0,W,BD,5171"
"2021-09-22,22:43,Wednesday,YONGE BD STATION,TUSC,0,0,E,BD,5237"
"2021-09-22,22:55,Wednesday,ROSEDALE STATION,MUATC,3,8,S,YU,6101"
"2021-09-22,22:58,Wednesday,BLOOR STATION,SUAP,0,0,N,YU,5721"
"2021-09-22,23:00,Wednesday,KING TO EGLINTON STATI,MUO,0,0,B,YUS,0"
"2021-09-22,23:07,Wednesday,BLOOR STATION,MUATC,10,15,S,YU,6101"
"2021-09-22,23:10,Wednesday,YONGE BD STATION,MUO,0,0,W,BD,5181"
"2021-09-22,23:36,Wednesday,VAUGHAN MC STATION,TUNOA,5,10,S,YU,5771"
"2021-09-22,00:32,Wednesday,VMC TO PIONEER VILLAGE,MUO,0,0,B,YUS,0"
"2021-09-22,00:51,Wednesday,KEELE STATION,MUIS,0,0,,BD,0"
"2021-09-22,00:54,Wednesday,ST CLAIR WEST STATION,MUIR,6,11,N,YU,5786"
"2021-09-22,01:19,Wednesday,ST CLAIR WEST STATION,MUTO,5,10,N,YU,5401"
"2021-09-22,01:57,Wednesday,SHEPPARD WEST STATION,MUI,0,0,S,YU,0"
"2021-09-23,11:58,Thursday,KENNEDY SRT STATION,MRUI,0,0,,SRT,0"
"2021-09-23,02:27,Thursday,KIPLING STATION,MUIS,0,0,,BD,0"
"2021-09-23,05:55,Thursday,NORTH YORK CTR STATION,SUG,4,8,S,YU,5991"
"2021-09-23,05:58,Thursday,VAUGHAN MC STATION,TUNOA,3,6,S,YU,5611"
"2021-09-23,06:20,Thursday,KIPLING STATION,EUBO,5,10,E,BD,5133"
"2021-09-23,09:02,Thursday,BATHURST STATION,SUDP,0,0,W,BD,5248"
"2021-09-23,09:42,Thursday,ROSEDALE STATION,MUATC,4,7,N,YU,5776"
"2021-09-23,09:55,Thursday,LANSDOWNE STATION,SUDP,5,8,W,BD,5015"
"2021-09-23,11:05,Thursday,COLLEGE STATION,MUI,19,22,N,YU,5866"
"2021-09-23,11:13,Thursday,FINCH WEST STATION,PUMEL,0,0,S,YU,0"
"2021-09-23,11:49,Thursday,EGLINTON STATION,EUSC,0,0,S,YU,5506"
"2021-09-23,12:09,Thursday,VAUGHAN MC STATION,TUNOA,3,6,S,YU,0"
"2021-09-23,12:41,Thursday,DAVISVILLE STATION,SUUT,16,19,S,YU,5936"
"2021-09-23,12:54,Thursday,ROYAL YORK STATION,MUO,0,0,W,BD,5356"
"2021-09-23,13:05,Thursday,KIPLING STATION,MUTO,5,8,E,BD,5148"
"2021-09-23,13:09,Thursday,SUMMERHILL STATION,MUPAA,3,6,S,YU,5936"
"2021-09-23,14:32,Thursday,ROYAL YORK STATION,MUIS,0,0,E,BD,5144"
"2021-09-23,14:36,Thursday,VAUGHAN MC STATION,TUNOA,3,6,B,YU,0"
"2021-09-23,15:05,Thursday,ST CLAIR WEST STATION,MUIS,0,0,,YU,0"
"2021-09-23,16:35,Thursday,VAUGHAN MC STATION,TUNOA,3,6,S,YU,0"
"2021-09-23,16:40,Thursday,HIGHWAY 407 STATION,MUIS,0,0,,YU,0"
"2021-09-23,17:25,Thursday,FINCH WEST STATION,EUPI,3,6,S,YU,5907"
"2021-09-23,17:28,Thursday,VAUGHAN MC STATION,TUNOA,3,6,S,YU,0"
"2021-09-23,17:31,Thursday,VAUGHAN MC STATION,TUNOA,3,6,S,YU,0"
"2021-09-23,17:38,Thursday,WELLESLEY STATION,MUIS,0,0,,YU,0"
"2021-09-23,17:49,Thursday,VAUGHAN MC STATION,TUNOA,5,10,B,YU,0"
"2021-09-23,18:17,Thursday,ROYAL YORK STATION,MUIRS,0,0,W,BD,0"
"2021-09-23,18:51,Thursday,PAPE STATION,SUO,15,18,E,BD,5084"
"2021-09-23,19:42,Thursday,SHERBOURNE STATION,SUDP,3,6,E,BD,5081"
"2021-09-23,19:59,Thursday,PAPE STATION,MUPAA,0,0,E,BD,5167"
"2021-09-23,20:39,Thursday,ST CLAIR STATION,SUDP,11,16,N,YU,5616"
"2021-09-23,20:44,Thursday,KENNEDY BD STATION,MUIS,0,0,,BD,0"
"2021-09-23,22:00,Thursday,YONGE-UNIVERSITY AND B,MUO,0,0,,YU/BD,0"
"2021-09-23,22:30,Thursday,COXWELL STATION,TUO,6,12,W,BD,5364"
"2021-09-23,23:00,Thursday,KING TO EGLINTON STATI,MUO,0,0,,YU,0"
"2021-09-23,23:12,Thursday,COLLEGE STATION,MUIRS,0,0,,YU,0"
"2021-09-23,23:41,Thursday,VAUGHAN MC STATION,TUNOA,5,10,B,YU,0"
"2021-09-23,00:00,Thursday,VAUGHAN MC STATION,MUO,0,0,,YU,0"
"2021-09-23,00:32,Thursday,KING STATION,PUTWZ,4,9,S,YU,5406"
"2021-09-23,00:19,Thursday,SHEPPARD-YONGE STATION,MUSAN,3,8,E,SHP,6196"
"2021-09-24,06:00,Friday,TORONTO TRANSIT COMMIS,MRO,0,0,,SRT,0"
"2021-09-24,06:00,Friday,TORONTO TRANSIT COMMIS,MUO,0,0,,YU,0"
"2021-09-24,07:06,Friday,FINCH STATION,MUSC,0,0,S,YU,6056"
"2021-09-24,16:36,Friday,MCCOWAN STATION,ERO,5,10,N,SRT,3013"
"2021-09-24,17:48,Friday,KENNEDY SRT STATION,ERTC,17,22,N,SRT,3005"
"2021-09-24,07:59,Friday,LESLIE STATION,PUMO,0,0,,BD,0"
"2021-09-24,07:59,Friday,SPADINA YUS STATION,MUIRS,0,0,,YU,0"
"2021-09-24,09:06,Friday,VAUGHAN MC STATION,TUNOA,3,6,S,YU,0"
"2021-09-24,09:17,Friday,WELLESLEY STATION,SUPOL,20,23,N,YU,5626"
"2021-09-24,09:39,Friday,GLENCAIRN STATION,EUVA,3,6,S,YU,5846"
"2021-09-24,10:15,Friday,DUFFERIN STATION,SUUT,24,27,W,BD,5194"
"2021-09-24,10:40,Friday,ST CLAIR WEST STATION,SUDP,3,6,S,YU,6131"
"2021-09-24,10:53,Friday,HIGH PARK STATION,SUO,0,0,W,BD,5077"
"2021-09-24,11:47,Friday,KEELE STATION,MUPAA,0,0,W,BD,5171"
"2021-09-24,12:33,Friday,ROYAL YORK STATION,MUIRS,0,0,W,BD,0"
"2021-09-24,12:44,Friday,VAUGHAN MC STATION,TUNOA,3,6,S,YU,0"
"2021-09-24,12:49,Friday,CHRISTIE STATION,MUIS,0,0,W,BD,0"
"2021-09-24,12:56,Friday,VAUGHAN MC STATION,MUTO,3,6,S,YU,5386"
"2021-09-24,13:11,Friday,FINCH STATION,MUSC,0,0,S,YU,5661"
"2021-09-24,13:28,Friday,SPADINA YUS STATION,SUUT,6,9,N,YU,5746"
"2021-09-24,14:27,Friday,VAUGHAN MC STATION,TUMVS,0,0,N,YU,5996"
"2021-09-24,14:46,Friday,KEELE STATION,MUTO,3,6,E,BD,5219"
"2021-09-24,15:21,Friday,VAUGHAN MC STATION,TUNOA,5,10,S,YU,0"
"2021-09-24,15:22,Friday,PAPE STATION,MUPAA,0,0,E,BD,5342"
"2021-09-24,15:25,Friday,VAUGHAN MC STATION,TUNOA,3,6,S,YU,0"
"2021-09-24,15:30,Friday,VAUGHAN MC STATION,TUNOA,3,6,S,YU,0"
"2021-09-24,15:33,Friday,VAUGHAN MC STATION,TUNOA,3,6,S,YU,0"
"2021-09-24,15:36,Friday,VAUGHAN MC STATION,TUNOA,3,6,S,YU,0"
"2021-09-24,15:37,Friday,VAUGHAN MC STATION,TUNOA,3,6,S,YU,0"
"2021-09-24,15:40,Friday,VAUGHAN MC STATION,TUNOA,5,10,S,YU,0"
"2021-09-24,15:44,Friday,VAUGHAN MC STATION,TUNOA,3,6,S,YU,0"
"2021-09-24,15:44,Friday,VAUGHAN MC STATION,TUNOA,3,6,S,YU,0"
"2021-09-24,15:47,Friday,VAUGHAN MC STATION,TUNOA,5,10,S,YU,0"
"2021-09-24,15:47,Friday,VAUGHAN MC STATION,TUNOA,3,6,S,YU,0"
"2021-09-24,15:49,Friday,VAUGHAN MC STATION,TUNOA,3,6,S,YU,0"
"2021-09-24,15:53,Friday,VAUGHAN MC STATION,TUNOA,5,10,S,YU,0"
"2021-09-24,15:54,Friday,VAUGHAN MC STATION,TUNOA,3,6,S,YU,0"
"2021-09-24,15:55,Friday,BAY STATION,SUDP,19,22,W,BD,5115"
"2021-09-24,15:56,Friday,VAUGHAN MC STATION,TUNOA,3,6,S,YU,0"
"2021-09-24,15:57,Friday,VAUGHAN MC STATION,TUNOA,5,10,S,YU,0"
"2021-09-24,16:44,Friday,KIPLING STATION,MUNOA,3,6,W,BD,5115"
"2021-09-24,17:11,Friday,VAUGHAN MC STATION,TUNOA,3,6,S,YU,0"
"2021-09-24,17:12,Friday,VAUGHAN MC STATION,TUNOA,3,6,S,YU,0"
"2021-09-24,18:13,Friday,WARDEN STATION,TUMVS,0,0,E,BD,5292"
"2021-09-24,18:15,Friday,FINCH STATION,SUO,0,0,,YU,0"
"2021-09-24,18:24,Friday,WELLESLEY STATION,MUIS,0,0,,YU,0"
"2021-09-24,19:47,Friday,KING STATION,MUIRS,0,0,,YU,0"
"2021-09-24,20:23,Friday,YORK MILLS STATION,MUIE,3,6,N,YU,5871"
"2021-09-24,20:34,Friday,GREENWOOD STATION,PUMST,0,0,W,BD,0"
"2021-09-24,21:53,Friday,ST ANDREW STATION,PUMEL,0,0,,YU,0"
"2021-09-24,22:00,Friday,YONGE-UNIVERSITY AND B,MUO,0,0,,YU/BD,0"
"2021-09-24,22:28,Friday,OLD MILL STATION,MUPAA,0,0,E,BD,5346"
"2021-09-24,22:57,Friday,BLOOR STATION,SUDP,4,9,N,YU,6116"
"2021-09-24,23:14,Friday,DAVISVILLE STATION,MUPLB,5,10,N,YU,6001"
"2021-09-24,06:00,Friday,TORONTO TRANSIT COMMIS,MUO,0,0,,SHP,0"
"2021-09-24,06:22,Friday,DON MILLS STATION,TUMVS,0,0,E,SHP,6196"
"2021-09-24,00:17,Friday,SHEPPARD-YONGE STATION,MUESA,0,0,E,SHP,6196"
"2021-09-25,05:11,Saturday,LYTTON EMERGENCY EXIT,MUO,0,0,N,YU,0"
"2021-09-25,22:10,Saturday,SCARBOROUGH CTR STATIO,ERDO,4,9,S,SRT,3016"
"2021-09-25,06:00,Saturday,YONGE UNIVERSITY LINE,MUO,0,0,,YU,0"
"2021-09-25,06:34,Saturday,SHEPPARD STATION,PUSTS,0,0,N,YU,5741"
"2021-09-25,07:08,Saturday,WILSON STATION,MUATC,6,12,S,YU,5456"
"2021-09-25,11:31,Saturday,KING STATION,SUUT,0,0,N,YU,0"
"2021-09-25,13:32,Saturday,BLOOR STATION,MUIRS,0,0,S,YU,0"
"2021-09-25,13:36,Saturday,COXWELL STATION,TUNIP,7,11,W,BD,5166"
"2021-09-25,13:53,Saturday,BLOOR STATION,MUIS,0,0,,YU,0"
"2021-09-25,14:04,Saturday,COLLEGE STATION,MUNCA,0,0,,YU,0"
"2021-09-25,16:30,Saturday,SPADINA BD STATION,MUIR,8,12,E,BD,5234"
"2021-09-25,16:49,Saturday,DUNDAS WEST STATION,SUAP,0,0,,BD,0"
"2021-09-25,17:07,Saturday,UNION STATION,SUAP,6,12,N,YU,6131"
"2021-09-25,17:42,Saturday,ST CLAIR WEST STATION,MUIRS,0,0,,YU,0"
"2021-09-25,19:04,Saturday,JANE STATION,SUUT,3,7,W,BD,5283"
"2021-09-25,19:48,Saturday,LAWRENCE STATION,MUIR,4,10,S,YU,5736"
"2021-09-25,20:05,Saturday,UNION STATION,MUIS,0,0,,YU,0"
"2021-09-25,20:20,Saturday,KIPLING STATION,SUDP,0,0,W,BD,5161"
"2021-09-25,20:25,Saturday,LAWRENCE STATION,MUIR,16,22,S,YU,5731"
"2021-09-25,20:33,Saturday,KIPLING STATION,PUSO,0,0,E,BD,5252"
"2021-09-25,22:00,Saturday,YONGE-UNIVERSITY AND B,MUO,0,0,,YU/BD,0"
"2021-09-25,00:15,Saturday,ST ANDREW STATION,PUTO,3,10,N,YU,6136"
"2021-09-25,01:51,Saturday,COLLEGE STATION,MUPAA,0,0,N,YU,5386"
"2021-09-25,02:29,Saturday,SHEPPARD-YONGE STATION,EUOE,10,15,W,SHP,6161"
"2021-09-25,08:36,Saturday,LESLIE STATION,MUSC,0,0,W,SHP,6191"
"2021-09-26,08:25,Sunday,KENNEDY SRT STATION,MRTO,3,9,N,SRT,3025"
"2021-09-26,02:22,Sunday,ROYAL YORK STATION,MUIS,0,0,,BD,0"
"2021-09-26,19:19,Sunday,SCARBOROUGH CTR STATIO,SRO,0,0,W,SRT,3006"
"2021-09-26,07:59,Sunday,YORK MILLS STATION,TUSC,0,0,S,YU,6056"
"2021-09-26,19:44,Sunday,KENNEDY SRT STATION,MRUIR,5,11,E,SRT,0"
"2021-09-26,08:00,Sunday,YONGE UNIVERSITY LINE,MUO,0,0,,YU,0"
"2021-09-26,08:05,Sunday,GREENWOOD STATION,TUNOA,5,10,E,BD,0"
"2021-09-26,09:37,Sunday,KENNEDY BD STATION,EUNT,5,10,W,BD,5017"
"2021-09-26,10:40,Sunday,DUNDAS WEST STATION,EUDO,5,10,E,BD,5094"
"2021-09-26,12:08,Sunday,YONGE BD STATION,PUMEL,0,0,,BD,0"
"2021-09-26,12:37,Sunday,LAWRENCE STATION,SUO,0,0,S,YU,6056"
"2021-09-26,13:00,Sunday,COXWELL STATION,TUNOA,5,10,E,BD,5111"
"2021-09-26,15:02,Sunday,WILSON STATION,MUPAA,0,0,N,YU,6071"
"2021-09-26,15:02,Sunday,WILSON STATION,PUOPO,3,8,S,YU,5676"
"2021-09-26,15:12,Sunday,WILSON STATION,PUOPO,0,0,S,YU,5496"
"2021-09-26,15:19,Sunday,ISLINGTON STATION,TUMVS,0,0,E,BD,5044"
"2021-09-26,15:30,Sunday,WILSON STATION,PUOPO,0,0,N,YU,5796"
"2021-09-26,15:33,Sunday,WILSON STATION,PUOPO,0,0,S,YU,6101"
"2021-09-26,15:37,Sunday,WILSON STATION,PUOPO,0,0,N,YU,5421"
"2021-09-26,15:39,Sunday,WILSON STATION,PUOPO,0,0,S,YU,5636"
"2021-09-26,15:45,Sunday,WILSON STATION,PUOPO,0,0,S,YU,6076"
"2021-09-26,15:50,Sunday,WILSON STATION,PUOPO,0,0,N,,5471"
"2021-09-26,15:51,Sunday,WILSON STATION,PUOPO,0,0,S,YU,6081"
"2021-09-26,15:52,Sunday,ISLINGTON STATION,MUIR,0,0,W,BD,5015"
"2021-09-26,15:58,Sunday,WILSON STATION,PUOPO,0,0,N,YU,6061"
"2021-09-26,16:03,Sunday,BLOOR STATION,MUIS,0,0,,YU,0"
"2021-09-26,16:09,Sunday,WILSON STATION,PUOPO,0,0,S,YU,5791"
"2021-09-26,16:16,Sunday,WILSON STATION,PUOPO,0,0,S,YU,5426"
"2021-09-26,16:22,Sunday,WILSON STATION,PUOPO,0,0,S,YU,5851"
"2021-09-26,17:33,Sunday,ST PATRICK STATION,MUPAA,3,8,S,YU,5676"
"2021-09-26,18:07,Sunday,DUNDAS STATION,MUPAA,0,0,S,YU,5671"
"2021-09-26,18:45,Sunday,RUNNYMEDE STATION,MUPAA,0,0,W,BD,5052"
"2021-09-26,19:21,Sunday,BATHURST STATION,MUPAA,0,0,E,BD,5067"
"2021-09-26,19:34,Sunday,BAY STATION,SUDP,0,0,E,BD,5252"
"2021-09-26,19:39,Sunday,KING STATION,MUIS,0,0,N,YU,0"
"2021-09-26,19:58,Sunday,CASTLE FRANK STATION,SUO,0,0,,BD,0"
"2021-09-26,21:14,Sunday,SPADINA BD STATION,SUO,10,17,E,BD,5252"
"2021-09-26,21:29,Sunday,SHERBOURNE STATION,MUPAA,0,0,E,BD,5252"
"2021-09-26,22:00,Sunday,YONGE-UNIVERSITY AND B,MUO,0,0,,YU/BD,0"
"2021-09-26,23:02,Sunday,DOWNSVIEW PARK STATION,SUDP,55,62,S,YU,5851"
"2021-09-26,23:46,Sunday,ST GEORGE YUS STATION,TUNIP,5,12,N,YU,6066"
"2021-09-26,00:11,Sunday,SHEPPARD WEST STATION,MUATC,8,15,N,YU,5491"
"2021-09-26,00:32,Sunday,VAUGHAN MC STATION,PUOPO,0,0,S,YU,5496"
"2021-09-26,00:35,Sunday,HIGHWAY 407 STATION,PUOPO,17,24,S,YU,5496"
"2021-09-26,01:45,Sunday,QUEEN STATION,MUSAN,7,14,N,YU,5826"
"2021-09-26,13:07,Sunday,DON MILLS STATION,MUSAN,5,10,W,SHP,6156"
"2021-09-26,15:20,Sunday,SHEPPARD-YONGE STATION,TUO,5,10,E,SHP,6196"
"2021-09-26,16:29,Sunday,LESLIE STATION,EUBK,5,10,W,SHP,6156"
"2021-09-27,05:43,Monday,EGLINTON STATION,TUNOA,4,7,N,YU,0"
"2021-09-27,06:00,Monday,YONGE BD STATION,PUMST,0,0,,BD,0"
"2021-09-27,06:00,Monday,GREENWOOD STATION,EUNT,4,9,E,BD,5105"
"2021-09-27,06:01,Monday,WILSON YARD,TUNOA,4,8,S,YU,0"
"2021-09-27,06:04,Monday,ST ANDREW STATION,SUDP,4,0,N,YU,6056"
"2021-09-27,07:09,Monday,BLOOR STATION,MUIRS,0,0,S,YU,6011"
"2021-09-27,07:14,Monday,RUNNYMEDE STATION,SUAE,24,28,W,BD,5286"
"2021-09-27,08:24,Monday,SPADINA BD STATION,SUAP,4,7,W,BD,5348"
"2021-09-27,08:29,Monday,DAVISVILLE STATION,EUBK,3,6,S,YU,5541"
"2021-09-27,08:40,Monday,OSSINGTON STATION,SUDP,0,0,,BD,0"
"2021-09-27,09:02,Monday,ST GEORGE BD STATION,PUSRA,4,7,E,BD,5305"
"2021-09-27,09:04,Monday,FINCH WEST STATION,TUNOA,3,6,N,YU,5886"
"2021-09-27,10:24,Monday,ROSEDALE STATION,MUSC,0,0,N,YU,5466"
"2021-09-27,11:32,Monday,KIPLING STATION,MUSAN,3,6,W,BD,5090"
"2021-09-27,11:58,Monday,FINCH STATION,MUTO,3,6,S,YU,5961"
"2021-09-27,12:12,Monday,FINCH STATION,EUSC,3,6,N,YU,6016"
"2021-09-27,12:31,Monday,COLLEGE STATION,MUPAA,0,0,N,YU,5571"
"2021-09-27,13:07,Monday,YORKDALE STATION,PUMST,0,0,,YU,0"
"2021-09-27,13:15,Monday,VAUGHAN MC STATION,TUNOA,3,6,S,YU,0"
"2021-09-27,13:19,Monday,BAY STATION,MUIS,0,0,,BD,0"
"2021-09-27,13:54,Monday,VAUGHAN MC STATION,TUNOA,3,6,S,YU,0"
"2021-09-27,13:56,Monday,COLLEGE STATION,MUIR,4,7,N,YU,5826"
"2021-09-27,15:05,Monday,ST CLAIR STATION,SUUT,4,7,S,YU,5781"
"2021-09-27,15:18,Monday,ROYAL YORK STATION,TUSC,0,0,E,BD,5310"
"2021-09-27,15:29,Monday,WOODBINE STATION,SUAP,0,0,,BD,0"
"2021-09-27,16:39,Monday,VAUGHAN MC STATION,TUNOA,3,6,S,YU,0"
"2021-09-27,17:07,Monday,FINCH STATION,MUIR,3,6,S,YU,5946"
"2021-09-27,17:13,Monday,WARDEN STATION,SUPOL,16,19,E,BD,5067"
"2021-09-27,17:23,Monday,VICTORIA PARK STATION,MUIS,0,0,,BD,0"
"2021-09-27,17:34,Monday,DUNDAS WEST STATION,MUPAA,0,0,W,BD,5283"
"2021-09-27,17:35,Monday,VAUGHAN MC STATION,TUNOA,3,6,S,YU,0"
"2021-09-27,17:50,Monday,SPADINA BD STATION,MUIS,0,0,,BD,0"
"2021-09-27,18:06,Monday,VAUGHAN MC STATION,TUNOA,3,6,S,YU,0"
"2021-09-27,18:36,Monday,COXWELL STATION,TUSUP,4,7,E,BD,5183"
"2021-09-27,18:45,Monday,VAUGHAN MC STATION,TUNOA,3,6,S,YU,0"
"2021-09-27,19:06,Monday,VAUGHAN MC STATION,TUNOA,3,6,S,YU,0"
"2021-09-27,19:25,Monday,BLOOR STATION,SUDP,0,0,S,YU,5491"
"2021-09-27,19:25,Monday,YONGE BD STATION,SUDP,0,0,E,BD,5015"
"2021-09-27,19:52,Monday,ST PATRICK STATION,SUDP,9,12,S,YU,5766"
"2021-09-27,19:57,Monday,WELLESLEY STATION,MUPAA,0,0,N,YU,5556"
"2021-09-27,20:55,Monday,COXWELL STATION,SUBT,13,19,E,BD,5121"
"2021-09-27,21:05,Monday,DUNDAS STATION,SUO,0,0,S,YU,0"
"2021-09-27,22:00,Monday,YONGE-UNIVERSITY AND B,MUO,0,0,,YU/BD,0"
"2021-09-27,23:00,Monday,YONGE/UNIVERSITY/SPADI,MUO,0,0,,YU,0"
"2021-09-27,23:27,Monday,SHEPPARD WEST STATION,SUDP,6,13,S,YU,5871"
"2021-09-27,23:54,Monday,FINCH STATION,MUIS,0,0,,YU,0"
"2021-09-27,00:00,Monday,YONGE/UNIVERSITY/SPADI,MUO,0,0,,YU,0"
"2021-09-27,00:25,Monday,DAVISVILLE STATION,TUCC,0,0,N,YU,88"
"2021-09-27,00:59,Monday,ROSEDALE STATION,MUATC,4,11,S,YU,6021"
"2021-09-27,01:02,Monday,LAWRENCE STATION,MUO,3,10,N,YU,5766"
"2021-09-27,01:43,Monday,ROSEDALE STATION,MUATC,3,10,S,YU,5406"
"2021-09-27,17:42,Monday,BESSARION STATION,PUOPO,0,0,W,SHP,6171"
"2021-09-27,01:34,Monday,SHEPPARD-YONGE STATION,TUNOA,6,12,W,SHP,6166"
"2021-09-28,02:08,Tuesday,FINCH STATION,SUAE,0,0,,YU,0"
"2021-09-28,18:24,Tuesday,MCCOWAN STATION,ERDO,6,12,W,SRT,0"
"2021-09-28,18:36,Tuesday,MCCOWAN STATION,ERAC,6,12,N,SRT,0"
"2021-09-28,05:55,Tuesday,YONGE BD STATION,MUSAN,5,0,W,BD,5244"
"2021-09-28,05:55,Tuesday,GREENWOOD STATION,TUNOA,5,10,E,BD,0"
"2021-09-28,01:39,Tuesday,LAWRENCE EAST STATION,MRO,0,0,,SRT,0"
"2021-09-28,06:05,Tuesday,WARDEN STATION,EUNT,4,9,E,BD,5270"
"2021-09-28,06:12,Tuesday,GREENWOOD STATION,EUYRD,4,9,E,BD,5163"
"2021-09-28,08:00,Tuesday,WARDEN STATION,SUDP,0,0,,BD,0"
"2021-09-28,08:33,Tuesday,OLD MILL STATION,TUOS,3,6,E,BD,5213"
"2021-09-28,09:23,Tuesday,DUNDAS WEST STATION,MUD,5,8,W,BD,5077"
"2021-09-28,09:46,Tuesday,YONGE BD STATION,PUMEL,0,0,,BD,0"
"2021-09-28,09:48,Tuesday,ST GEORGE YUS STATION,SUUT,0,0,N,YU,5481"
"2021-09-28,09:57,Tuesday,SUMMERHILL STATION,TUOS,0,0,N,YU,5816"
"2021-09-28,10:08,Tuesday,YORKDALE STATION,SUO,0,0,N,YU,5941"
"2021-09-28,10:22,Tuesday,FINCH STATION,MUTO,3,6,N,YU,5816"
"2021-09-28,10:37,Tuesday,WELLESLEY STATION,MUPAA,0,0,N,YU,5976"
"2021-09-28,10:47,Tuesday,PAPE STATION,MUIS,0,0,,BD,0"
"2021-09-28,10:55,Tuesday,BATHURST STATION,MUIS,0,0,,BD,0"
"2021-09-28,12:02,Tuesday,HIGHWAY 407 STATION,MUPAA,0,0,N,YU,6111"
"2021-09-28,13:40,Tuesday,WARDEN STATION,MUTO,3,6,E,BD,5077"
"2021-09-28,14:25,Tuesday,PAPE STATION,TUNOA,3,6,E,BD,0"
"2021-09-28,14:42,Tuesday,VAUGHAN MC STATION,TUNOA,3,6,S,YU,0"
"2021-09-28,14:49,Tuesday,BLOOR STATION,MUIS,0,0,N,YU,0"
"2021-09-28,15:14,Tuesday,SHEPPARD STATION,TUMVS,0,0,N,YU,5796"
"2021-09-28,15:17,Tuesday,ST CLAIR STATION,SUDP,0,0,S,YU,6011"
"2021-09-28,16:19,Tuesday,VICTORIA PARK STATION,MUIS,0,0,,BD,0"
"2021-09-28,16:28,Tuesday,VAUGHAN MC STATION,TUNOA,3,6,S,YU,5491"
"2021-09-28,16:37,Tuesday,QUEEN STATION,SUDP,6,9,N,YU,5786"
"2021-09-28,16:39,Tuesday,VAUGHAN MC STATION,TUNOA,3,6,S,YU,0"
"2021-09-28,16:45,Tuesday,DUNDAS STATION,SUDP,7,10,N,YU,5786"
"2021-09-28,17:09,Tuesday,VAUGHAN MC STATION,TUNOA,3,6,S,YU,0"
"2021-09-28,17:27,Tuesday,VAUGHAN MC STATION,TUNOA,3,6,S,YU,0"
"2021-09-28,17:38,Tuesday,VAUGHAN MC STATION,TUNOA,3,6,S,YU,6131"
"2021-09-28,18:11,Tuesday,QUEEN STATION,TUO,0,0,S,YU,6031"
"2021-09-28,19:06,Tuesday,VAUGHAN MC STATION,TUNOA,3,6,S,YU,0"
"2021-09-28,19:32,Tuesday,SHERBOURNE STATION,MUPAA,0,0,E,BD,5163"
"2021-09-28,20:54,Tuesday,YONGE BD STATION,SUDP,21,27,W,BD,5242"
"2021-09-28,21:26,Tuesday,VAUGHAN MC STATION,TUNOA,5,10,S,YU,6121"
"2021-09-28,21:31,Tuesday,ST GEORGE BD STATION,SUSA,0,0,,BD,0"
"2021-09-28,21:35,Tuesday,CASTLE FRANK STATION,SUO,0,0,E,BD,0"
"2021-09-28,22:00,Tuesday,YONGE-UNIVERSITY AND B,MUO,0,0,,YU/BD,0"
"2021-09-28,22:23,Tuesday,QUEEN STATION,MUIRS,0,0,N,YU,0"
"2021-09-28,22:29,Tuesday,VAUGHAN MC STATION,TUNOA,5,10,S,YU,5476"
"2021-09-28,22:32,Tuesday,FINCH STATION,SUDP,3,8,S,YU,6011"
"2021-09-28,23:13,Tuesday,MUSEUM STATION,MUIRS,0,0,S,YU,0"
"2021-09-28,23:14,Tuesday,VAUGHAN MC STATION,TUNOA,5,10,S,YU,0"
"2021-09-28,23:15,Tuesday,YONGE/UNIVERSITY/SPADI,MUO,0,0,,YU,0"
"2021-09-28,23:24,Tuesday,VAUGHAN MC STATION,TUNOA,5,10,S,YU,0"
"2021-09-28,23:54,Tuesday,COLLEGE STATION,MUPLC,0,0,,YU,0"
"2021-09-28,00:03,Tuesday,YORK UNIVERSITY STATIO,MUATC,3,8,N,YU,5926"
"2021-09-28,00:54,Tuesday,YONGE/UNIVERSITY/SPADI,MUO,0,0,,YU,0"
"2021-09-28,01:14,Tuesday,ROSEDALE STATION,MUATC,4,11,S,YU,5671"
"2021-09-28,01:47,Tuesday,KING STATION,MUIRS,0,0,N,YU,0"
"2021-09-28,11:25,Tuesday,SHEPPARD-YONGE STATION,TUSC,0,0,W,SHP,6191"
"2021-09-28,12:34,Tuesday,BAYVIEW STATION,EUSC,0,0,E,SHP,6176"
"2021-09-28,12:46,Tuesday,DON MILLS STATION,PUSO,13,18,W,SHP,6191"
"2021-09-29,02:05,Wednesday,WILSON STATION,MUIRS,0,0,,YU,0"
"2021-09-29,05:52,Wednesday,KENNEDY BD STATION,EUBK,6,12,W,BD,5118"
"2021-09-29,07:23,Wednesday,COLLEGE STATION,MUI,12,15,S,YU,6066"
"2021-09-29,07:46,Wednesday,SHERBOURNE STATION,SUDP,0,0,W,BD,5183"
"2021-09-29,09:37,Wednesday,DAVISVILLE STATION,TUATC,3,6,S,YU,6106"
"2021-09-29,09:39,Wednesday,COXWELL STATION,TUNOA,3,6,E,BD,0"
"2021-09-29,09:44,Wednesday,YONGE BD STATION,MUIR,0,0,W,BD,5140"
"2021-09-29,10:20,Wednesday,YORKDALE STATION,MUIR,7,10,N,YU,5781"
"2021-09-29,10:49,Wednesday,OSSINGTON STATION,SUDP,8,11,W,BD,5259"
"2021-09-29,12:06,Wednesday,VAUGHAN MC STATION,TUNOA,3,6,,YU,5476"
"2021-09-29,13:20,Wednesday,COXWELL STATION,TUNOA,3,6,E,BD,0"
"2021-09-29,13:46,Wednesday,COXWELL STATION,TUNOA,0,0,E,BD,5000"
"2021-09-29,13:46,Wednesday,COXWELL STATION,TUNOA,3,6,E,BD,0"
"2021-09-29,13:49,Wednesday,VAUGHAN MC STATION,SUAP,0,0,S,YU,5836"
"2021-09-29,14:11,Wednesday,DAVISVILLE STATION,PUSTS,3,6,N,YU,5926"
"2021-09-29,14:18,Wednesday,YONGE BD STATION,SUUT,11,14,E,BD,5218"
"2021-09-29,14:23,Wednesday,FINCH STATION,MUTO,3,6,S,YU,5581"
"2021-09-29,14:57,Wednesday,PAPE STATION,TUNOA,3,7,E,BD,0"
"2021-09-29,15:05,Wednesday,COXWELL STATION,TUNOA,0,0,,BD,0"
"2021-09-29,15:20,Wednesday,COXWELL STATION,MUNOA,0,0,E,BD,0"
"2021-09-29,15:50,Wednesday,VAUGHAN MC STATION,TUSUP,5,8,S,YU,5581"
"2021-09-29,16:31,Wednesday,VAUGHAN MC STATION,TUNOA,3,6,S,YU,0"
"2021-09-29,16:52,Wednesday,WOODBINE STATION,MUIS,0,0,W,BD,0"
"2021-09-29,17:38,Wednesday,VAUGHAN MC STATION,TUNOA,3,6,S,YU,0"
"2021-09-29,17:48,Wednesday,DUFFERIN STATION,MUNCA,0,0,,BD,0"
"2021-09-29,18:09,Wednesday,COXWELL STATION,TUNOA,0,0,E,BD,5000"
"2021-09-29,19:12,Wednesday,COXWELL STATION,TUNOA,3,6,E,BD,0"
"2021-09-29,20:04,Wednesday,BLOOR STATION,MUTO,3,6,N,YU,5571"
"2021-09-29,20:38,Wednesday,FINCH WEST STATION,SUDP,0,0,,YU,0"
"2021-09-29,20:47,Wednesday,DUNDAS STATION,SUUT,20,23,S,YU,5871"
"2021-09-29,21:47,Wednesday,FINCH STATION,MUSC,0,0,S,YU,5521"
"2021-09-29,22:00,Wednesday,YONGE-UNIVERSITY AND B,MUO,0,0,,YU / BD,0"
"2021-09-29,22:58,Wednesday,YORKDALE STATION,MUPAA,0,0,N,YU,6131"
"2021-09-29,23:15,Wednesday,KING STATION TO EGLINT,MUO,0,0,,YU,0"
"2021-09-29,00:54,Wednesday,UNION STATION,MUIS,0,0,,YU,0"
"2021-09-29,01:04,Wednesday,YORK MILLS STATION,EUSC,0,0,N,YU,5426"
"2021-09-29,01:21,Wednesday,DOWNSVIEW PARK STATION,MUPAA,0,0,S,YU,6051"
"2021-09-29,01:33,Wednesday,KING STATION,MUIR,5,10,S,YU,5381"
"2021-09-29,01:57,Wednesday,SHERBOURNE STATION,MUPAA,0,0,E,BD,5011"
"2021-09-29,23:33,Wednesday,SHEPPARD-YONGE STATION,TUO,0,0,E,SHP,6176"
"2021-09-30,02:46,Thursday,FINCH STATION,MUIE,0,0,,YU,0"
"2021-09-30,03:46,Thursday,DAVISVILLE YARD,MUO,0,0,,YU,0"
"2021-09-30,05:13,Thursday,BAY STATION,MUPLB,0,0,W,BD,0"
"2021-09-30,05:25,Thursday,DAVISVILLE STATION,PUSTC,6,11,S,YU,5811"
"2021-09-30,05:39,Thursday,YORK MILLS STATION,PUTSC,11,0,N,YU,5731"
"2021-09-30,06:38,Thursday,DAVISVILLE STATION,SUDP,3,7,S,YU,5731"
"2021-09-30,06:58,Thursday,EGLINTON STATION,TUO,6,10,S,YU,6106"
"2021-09-30,07:05,Thursday,VAUGHAN MC STATION,PUSTS,3,6,N,YU,5521"
"2021-09-30,07:17,Thursday,KEELE STATION,SUO,18,21,W,BD,5354"
"2021-09-30,07:43,Thursday,FINCH STATION,MUSC,0,0,S,YU,5446"
"2021-09-30,08:17,Thursday,EGLINTON STATION,SUDP,4,7,N,YU,6006"
"2021-09-30,09:16,Thursday,WELLESLEY STATION,EULT,3,6,S,YU,5636"
"2021-09-30,09:35,Thursday,COXWELL STATION,TUNOA,3,6,E,BD,0"
"2021-09-30,09:39,Thursday,COXWELL STATION,TUNOA,3,6,E,BD,0"
"2021-09-30,10:03,Thursday,DAVISVILLE STATION,TUOS,3,6,N,YU,5441"
"2021-09-30,10:43,Thursday,MAIN STREET STATION,SUDP,0,0,,BD,0"
"2021-09-30,10:49,Thursday,ROSEDALE STATION,MUSC,0,0,N,YU,5476"
"2021-09-30,12:05,Thursday,ST CLAIR STATION,MUSAN,3,6,S,YU,5731"
"2021-09-30,12:14,Thursday,DUNDAS STATION,SUO,0,0,S,YU,5886"
"2021-09-30,12:39,Thursday,EGLINTON WEST STATION,MUIRS,0,0,,YU,0"
"2021-09-30,12:45,Thursday,EGLINTON STATION,SUAP,0,0,N,YU,5441"
"2021-09-30,13:16,Thursday,COXWELL STATION,TUNOA,3,6,,BD,0"
"2021-09-30,13:20,Thursday,COXWELL STATION,TUNOA,0,0,E,BD,0"
"2021-09-30,13:39,Thursday,WILSON STATION,MUATC,4,7,S,YU,6021"
"2021-09-30,15:04,Thursday,KING STATION,MUPAA,4,7,N,YU,5441"
"2021-09-30,15:46,Thursday,ROYAL YORK STATION,EUME,11,14,E,BD,5084"
"2021-09-30,15:55,Thursday,NORTH YORK CTR STATION,MUSC,0,0,S,YU,5776"
"2021-09-30,16:34,Thursday,KING STATION,MUIRS,0,0,S,YU,0"
"2021-09-30,16:59,Thursday,VAUGHAN MC STATION,TUNOA,3,6,S,YU,6116"
"2021-09-30,17:12,Thursday,KENNEDY BD STATION,MUIR,3,6,E,BD,5338"
"2021-09-30,17:16,Thursday,FINCH STATION,MUTO,3,6,S,YU,5566"
"2021-09-30,17:16,Thursday,COXWELL STATION,TUNOA,3,6,E,BD,0"
"2021-09-30,17:41,Thursday,VAUGHAN MC STATION,TUNOA,3,6,S,YU,5856"
"2021-09-30,17:51,Thursday,ROSEDALE STATION,SUUT,33,36,N,YU,5561"
"2021-09-30,18:23,Thursday,KING STATION,MUO,0,0,,YU,0"
"2021-09-30,18:42,Thursday,FINCH STATION,PUSSW,3,6,S,YU,6056"
"2021-09-30,19:02,Thursday,WELLESLEY STATION,MUIS,0,0,,YU,0"
"2021-09-30,19:40,Thursday,CHESTER STATION,MUIS,0,0,,BD,0"
"2021-09-30,20:19,Thursday,SHERBOURNE STATION,MUPAA,3,9,E,BD,5011"
"2021-09-30,21:15,Thursday,RUNNYMEDE STATION,MUSC,0,0,W,BD,5338"
"2021-09-30,22:00,Thursday,YONGE-UNIVERSITY AND B,MUO,0,0,,YU/BD,0"
"2021-09-30,22:11,Thursday,WELLESLEY STATION,SUUT,23,28,S,YU,5436"
"2021-09-30,22:17,Thursday,DAVISVILLE STATION,PUTDN,4,9,N,YU,5881"
"2021-09-30,22:49,Thursday,SPADINA BD STATION,EUDO,0,0,E,BD,5278"
"2021-09-30,22:58,Thursday,VICTORIA PARK STATION,MUIR,14,20,E,BD,5307"
"2021-09-30,23:00,Thursday,EGLINTON STATION,MUO,0,0,,YU,0"
"2021-09-30,23:00,Thursday,OLD MILL STATION,MUIS,0,0,,BD,0"
"2021-09-30,23:23,Thursday,LAWRENCE WEST STATION,SUDP,0,0,N,YU,6036"
"2021-09-30,23:29,Thursday,VAUGHAN MC STATION,TUNOA,3,6,S,YU,5476"
"2021-09-30,00:40,Thursday,DUNDAS STATION,MUIS,0,0,,YU,0"
"2021-09-30,01:46,Thursday,PAPE STATION,SUUT,11,18,W,BD,5259"
"2021-09-30,16:04,Thursday,BAYVIEW STATION,EUSC,0,0,E,SHP,6176"
"2021-09-30,18:40,Thursday,SHEPPARD-YONGE STATION,MUSC,0,0,E,SHP,6171"
